part	text_index	letter	down_ms	up_ms	actual_down_ms	actual_up_ms
0	0	D	1500.00	1706.58	1504.43	1710.79
0	0	D	1786.45	1864.74	1790.22	1868.80
0	0	D	1934.97	2010.13	1938.99	2013.97
0	1	E	2294.60	2381.68	2298.37	2385.51
0	3	4	2962.06	3032.72	2965.91	3036.46
0	3	4	3106.19	3180.87	3109.70	3184.73
0	3	4	3255.99	3345.83	3260.27	3349.90
0	3	4	3414.52	3491.77	3418.84	3495.48
0	3	4	3566.18	3796.57	3570.58	3800.38
0	4	Z	4055.07	4274.11	4058.89	4277.69
0	4	Z	4342.53	4577.54	4346.30	4581.12
0	4	Z	4661.04	4746.10	4665.15	4749.76
0	4	Z	4818.66	4902.99	4822.77	4906.88
0	5	5	5212.18	5290.47	5215.96	5294.09
0	5	5	5356.69	5431.75	5360.79	5435.90
0	5	5	5506.21	5587.19	5510.11	5591.71
0	5	5	5662.15	5729.23	5666.14	5733.53
0	5	5	5798.16	5877.18	5802.05	5881.02
0	6	S	6142.87	6219.99	6146.57	6223.86
0	6	S	6292.82	6370.89	6297.07	6374.70
0	6	S	6440.36	6514.29	6444.53	6518.30
0	7	L	6785.67	6865.07	6790.00	6868.86
0	7	L	6938.40	7203.28	6942.01	7207.10
0	7	L	7285.26	7365.76	7289.37	7369.83
0	7	L	7431.00	7509.00	7434.90	7513.24
0	9	=	8123.33	8343.81	8127.38	8347.68
0	9	=	8417.64	8500.04	8421.32	8504.41
0	9	=	8576.59	8645.03	8580.56	8648.98
0	9	=	8726.23	8808.81	8730.37	8812.69
0	9	=	8880.87	9137.10	8885.00	9140.66
0	11	L	9718.59	9791.93	9722.41	9795.75
0	11	L	9865.38	10107.98	9869.01	10111.74
0	11	L	10183.66	10266.21	10188.00	10269.94
0	11	L	10345.95	10426.37	10350.08	10430.10
0	12	O	10679.93	10884.18	10683.65	10888.54
0	12	O	10962.20	11221.98	10966.47	11225.82
0	12	O	11297.10	11549.82	11301.24	11554.03
0	13	T	11827.38	12067.24	11831.28	12071.56
0	14	W	12336.07	12410.67	12340.35	12414.71
0	14	W	12487.69	12711.16	12491.87	12714.82
0	14	W	12788.94	13007.33	12792.70	13010.94
0	16	8	13676.23	13895.03	13680.02	13898.92
0	16	8	13969.18	14189.02	13973.46	14192.87
0	16	8	14265.87	14484.46	14270.32	14488.47
0	16	8	14558.07	14636.88	14561.74	14641.25
0	16	8	14723.23	14816.30	14727.36	14820.36
0	17	8	15034.42	15307.72	15038.46	15311.82
0	17	8	15381.76	15629.64	15385.62	15633.25
0	17	8	15701.27	15937.60	15705.70	15941.62
0	17	8	16008.80	16085.93	16012.54	16090.22
0	17	8	16165.89	16253.28	16170.11	16257.20
0	19	G	16857.83	17127.11	16861.81	17131.41
0	19	G	17205.05	17474.96	17209.10	17479.22
0	19	G	17535.32	17614.63	17539.17	17618.21
0	20	L	17880.23	17961.70	17884.46	17965.29
0	20	L	18037.82	18251.75	18042.18	18255.53
0	20	L	18322.39	18394.32	18326.31	18398.24
0	20	L	18470.62	18541.57	18475.09	18545.10
0	22	H	19206.21	19275.99	19210.01	19280.46
0	22	H	19348.30	19421.56	19352.81	19425.60
0	22	H	19499.54	19583.68	19503.30	19587.73
0	22	H	19659.67	19746.04	19664.03	19750.01
0	23	P	19998.81	20082.94	20003.06	20086.95
0	23	P	20147.01	20342.07	20150.74	20345.64
0	23	P	20405.51	20661.09	20409.50	20665.42
0	23	P	20738.63	20820.35	20742.53	20824.44
0	24	E	21114.21	21200.72	21118.28	21204.77
0	26	Q	21819.50	22053.81	21823.41	22058.08
0	26	Q	22134.20	22392.59	22138.72	22396.95
0	26	Q	22474.27	22541.78	22478.79	22545.28
0	26	Q	22620.00	22874.56	22623.79	22878.25
0	27	T	23487.05	23749.01	23491.31	23752.84
0	28	H	24020.74	24101.12	24025.13	24104.80
0	28	H	24179.51	24266.87	24183.12	24270.93
0	28	H	24348.91	24425.12	24352.55	24429.52
0	28	H	24497.32	24582.80	24501.68	24587.12
0	30	A	25193.13	25264.85	25197.55	25268.57
0	30	A	25337.26	25585.21	25341.44	25589.24
0	31	N	25870.00	26096.22	25874.18	26100.69
0	31	N	26168.09	26238.31	26171.83	26241.95
0	32	T	26519.42	26775.93	26523.62	26780.11
0	34	Q	27349.46	27592.07	27353.61	27595.59
0	34	Q	27663.72	27916.58	27667.60	27920.61
0	34	Q	27992.49	28070.69	27996.74	28074.75
0	34	Q	28145.47	28367.29	28149.74	28371.08
0	35	R	28674.22	28755.12	28678.55	28759.67
0	35	R	28834.89	29091.28	28838.52	29095.60
0	35	R	29156.52	29237.54	29160.49	29241.53
0	36	M	29494.24	29740.21	29498.57	29744.11
0	36	M	29826.04	30050.86	29829.89	30054.71
0	38	W	30646.63	30726.24	30650.73	30730.49
0	38	W	30804.41	31030.54	30807.90	31034.47
0	38	W	31106.06	31352.73	31109.83	31356.95
0	39	X	31625.04	31858.32	31628.94	31861.79
0	39	X	31934.78	32013.69	31938.95	32017.77
0	39	X	32092.51	32179.00	32096.76	32183.08
0	39	X	32265.27	32557.53	32269.66	32561.14
0	41	D	33170.99	33389.97	33175.22	33393.70
0	41	D	33466.61	33556.01	33470.94	33560.03
0	41	D	33632.29	33712.39	33636.35	33716.22
0	42	X	33978.23	34221.33	33982.21	34225.02
0	42	X	34289.75	34363.63	34293.51	34367.80
0	42	X	34430.98	34511.09	34435.39	34515.08
0	42	X	34588.14	34848.86	34591.78	34853.21
0	44	T	35498.85	35706.75	35502.51	35710.81
0	45	E	35956.76	36037.41	35960.67	36041.02
0	46	M	36327.87	36598.23	36332.06	36601.76
0	46	M	36677.97	36924.46	36682.43	36928.14
0	47	P	37254.09	37330.93	37257.90	37334.70
0	47	P	37410.42	37675.23	37414.36	37679.16
0	47	P	37740.08	37961.37	37744.17	37965.37
0	47	P	38039.74	38117.79	38043.35	38121.90
0	49	=	38730.76	38970.67	38734.90	38974.52
0	49	=	39046.09	39131.71	39050.21	39135.94
0	49	=	39206.06	39292.60	39210.18	39296.69
0	49	=	39362.59	39438.45	39366.66	39442.18
0	49	=	39518.46	39737.75	39522.52	39741.80
0	51	C	40366.31	40602.18	40370.39	40606.53
0	51	C	40682.48	40758.44	40686.47	40762.63
0	51	C	40831.65	41064.86	40835.59	41068.75
0	51	C	41133.37	41221.11	41137.19	41224.73
0	52	A	41486.97	41571.87	41491.27	41575.63
0	52	A	41646.17	41867.42	41650.39	41871.47
0	53	L	42157.24	42230.11	42161.42	42234.49
0	53	L	42298.08	42515.66	42301.78	42519.67
0	53	L	42593.23	42674.16	42596.86	42678.37
0	53	L	42752.57	42832.03	42756.88	42835.86
0	54	L	43107.30	43186.09	43111.62	43190.28
0	54	L	43254.87	43479.49	43258.98	43483.63
0	54	L	43561.65	43629.57	43565.74	43633.86
0	54	L	43701.44	43765.07	43705.50	43769.55
0	55	S	44058.03	44139.57	44061.65	44143.17
0	55	S	44215.66	44292.37	44219.41	44296.10
0	55	S	44369.72	44441.81	44373.34	44445.66
0	57	Z	45042.06	45280.65	45046.28	45284.72
0	57	Z	45357.06	45575.09	45361.05	45579.49
0	57	Z	45652.84	45730.36	45656.64	45734.56
0	57	Z	45797.86	45872.29	45802.01	45876.48
0	58	L	46156.11	46227.33	46160.45	46231.11
0	58	L	46311.33	46548.71	46315.23	46552.37
0	58	L	46626.94	46710.77	46630.96	46715.14
0	58	L	46785.02	46851.29	46789.10	46855.11
0	59	4	47150.67	47231.07	47154.39	47234.89
0	59	4	47312.53	47396.45	47316.74	47400.59
0	59	4	47477.75	47552.45	47481.84	47556.44
0	59	4	47638.89	47726.87	47643.07	47730.83
0	59	4	47806.64	48044.47	47810.62	48048.33
0	60	M	48317.12	48586.23	48320.78	48589.97
0	60	M	48648.31	48908.27	48652.46	48912.38
0	61	S	49180.94	49263.98	49185.07	49268.24
0	61	S	49327.79	49411.97	49332.11	49415.78
0	61	S	49481.28	49558.62	49484.94	49562.43
0	62	U	49849.46	49921.22	49853.31	49925.10
0	62	U	49983.88	50055.10	49987.70	50059.48
0	62	U	50136.84	50394.12	50140.40	50397.86
0	64	Y	50915.39	51129.41	50919.14	51133.44
0	64	Y	51211.90	51295.98	51216.37	51299.74
0	64	Y	51371.53	51616.65	51375.56	51620.81
0	64	Y	51687.25	51929.80	51691.38	51933.54
0	65	O	52168.38	52431.96	52172.56	52436.55
0	65	O	52505.06	52744.42	52508.65	52748.83
0	65	O	52827.34	53044.35	52831.34	53048.65
0	66	3	53301.75	53380.47	53306.09	53384.34
0	66	3	53447.80	53535.86	53451.94	53539.75
0	66	3	53607.13	53687.62	53611.03	53691.39
0	66	3	53756.35	53979.84	53760.01	53983.61
0	66	3	54049.58	54295.11	54053.56	54298.70
0	67	F	54552.35	54634.81	54556.15	54639.09
0	67	F	54711.09	54784.44	54715.48	54788.67
0	67	F	54843.14	55083.61	54846.76	55087.60
0	67	F	55162.26	55243.43	55166.41	55246.96
0	68	V	55545.70	55625.56	55549.50	55629.67
0	68	V	55701.45	55766.97	55705.47	55770.53
0	68	V	55847.43	55927.66	55851.33	55931.92
0	68	V	56000.63	56251.36	56004.73	56255.53
0	69	/	56537.44	56758.65	56541.72	56762.65
0	69	/	56830.17	56910.66	56834.17	56915.41
0	69	/	56987.13	57067.83	56991.36	57071.55
0	69	/	57141.03	57410.63	57145.12	57414.16
0	69	/	57486.90	57564.79	57490.85	57568.77
0	70	P	57837.97	57910.28	57842.18	57914.88
0	70	P	57972.73	58209.02	57976.80	58213.05
0	70	P	58285.54	58529.31	58289.35	58533.77
0	70	P	58603.96	58682.40	58608.27	58685.97
0	72	=	59259.69	59502.65	59263.94	59506.58
0	72	=	59589.45	59668.80	59593.80	59672.50
0	72	=	59740.63	59824.23	59744.90	59828.32
0	72	=	59905.82	59988.99	59909.53	59993.01
0	72	=	60060.90	60310.79	60065.10	60314.89
0	74	N	61003.47	61271.47	61007.17	61275.75
0	74	N	61341.40	61412.27	61345.49	61415.80
0	75	R	61701.81	61780.92	61705.72	61784.99
0	75	R	61857.55	62076.88	61861.99	62080.53
0	75	R	62155.56	62239.23	62159.72	62242.84
0	77	3	62846.42	62931.79	62850.77	62936.10
0	77	3	63013.53	63085.33	63017.32	63090.02
0	77	3	63157.47	63240.38	63161.37	63244.48
0	77	3	63322.62	63557.71	63326.30	63561.61
0	77	3	63636.50	63874.98	63641.00	63878.75
0	79	6	64545.53	64806.36	64549.77	64810.45
0	79	6	64886.81	64963.04	64891.02	64967.23
0	79	6	65045.88	65125.88	65049.73	65129.56
0	79	6	65205.23	65276.07	65209.07	65279.85
0	79	6	65356.69	65436.51	65360.75	65440.49
0	80	7	65702.89	65941.22	65707.29	65945.08
0	80	7	66027.95	66269.79	66032.19	66274.09
0	80	7	66349.05	66439.05	66352.82	66442.95
0	80	7	66527.88	66616.41	66531.53	66620.68
0	80	7	66688.32	66775.58	66692.63	66779.44
0	81	6	67068.67	67316.56	67073.13	67320.97
0	81	6	67391.21	67466.98	67394.97	67471.02
0	81	6	67534.50	67623.14	67538.48	67626.92
0	81	6	67699.18	67772.98	67703.54	67776.94
0	81	6	67854.29	67928.43	67858.63	67932.47
0	83	1	68567.58	68640.54	68571.64	68644.18
0	83	1	68712.62	68979.57	68716.95	68983.95
0	83	1	69040.75	69266.02	69044.95	69270.15
0	83	1	69341.68	69565.69	69345.78	69569.79
0	83	1	69623.42	69866.77	69627.23	69870.81
0	84	0	70137.13	70391.34	70140.72	70395.42
0	84	0	70466.91	70685.58	70471.16	70689.65
0	84	0	70759.49	70976.73	70763.96	70980.97
0	84	0	71051.01	71287.84	71055.20	71291.83
0	84	0	71364.34	71600.99	71368.62	71605.65
0	85	4	71862.01	71933.06	71865.61	71937.15
0	85	4	72007.86	72078.17	72012.29	72082.28
0	85	4	72144.07	72222.23	72148.16	72225.73
0	85	4	72300.37	72375.46	72304.38	72379.09
0	85	4	72452.67	72686.23	72456.45	72690.41
0	86	6	73009.90	73298.34	73013.97	73301.84
0	86	6	73381.50	73448.65	73385.23	73453.35
0	86	6	73523.16	73603.73	73527.53	73607.85
0	86	6	73678.97	73753.12	73683.33	73757.22
0	86	6	73825.47	73904.74	73829.31	73908.90
0	88	=	74526.52	74777.88	74530.20	74781.45
0	88	=	74869.73	74945.24	74873.26	74948.86
0	88	=	75011.10	75088.84	75014.92	75092.55
0	88	=	75161.42	75255.17	75165.06	75258.85
0	88	=	75327.75	75575.35	75331.36	75579.63
0	90	D	76163.33	76413.13	76167.42	76417.15
0	90	D	76473.27	76558.48	76477.40	76562.52
0	90	D	76632.39	76715.45	76636.05	76719.53
0	91	E	77361.48	77442.05	77365.05	77446.24
0	93	4	78005.48	78080.62	78009.96	78084.20
0	93	4	78152.19	78218.52	78156.75	78222.24
0	93	4	78300.12	78382.99	78304.30	78387.16
0	93	4	78458.50	78535.86	78462.61	78540.15
0	93	4	78607.39	78875.11	78611.77	78879.23
0	94	Z	79130.86	79401.01	79134.99	79405.54
0	94	Z	79470.12	79686.23	79474.42	79690.21
0	94	Z	79773.66	79846.14	79777.99	79849.91
0	94	Z	79917.73	80005.95	79921.40	80010.14
0	95	5	80271.82	80357.17	80275.52	80361.60
0	95	5	80428.45	80508.81	80432.36	80513.06
0	95	5	80576.75	80661.16	80580.90	80665.52
0	95	5	80732.30	80815.00	80736.50	80818.63
0	95	5	80881.51	80968.62	80885.60	80972.77
0	96	S	81243.72	81323.95	81247.41	81327.57
0	96	S	81407.57	81486.87	81411.84	81490.93
0	96	S	81555.26	81642.53	81558.82	81646.59
0	97	L	81920.22	81990.48	81924.05	81994.57
0	97	L	82069.66	82318.04	82073.59	82322.29
0	97	L	82398.27	82490.16	82402.35	82493.82
0	97	L	82551.05	82632.51	82555.05	82636.26
0	99	K	83233.14	83512.20	83237.38	83516.21
0	99	K	83584.67	83666.87	83588.58	83671.08
0	99	K	83737.94	83967.30	83741.83	83971.47
1	0	D	88252.13	88415.25	88256.52	88419.51
1	0	D	88470.59	88523.16	88474.69	88526.78
1	0	D	88587.07	88644.09	88590.75	88648.34
1	1	E	88792.07	88858.14	88796.17	88861.96
1	3	4	89287.93	89339.78	89291.59	89343.64
1	3	4	89393.21	89440.87	89397.00	89444.97
1	3	4	89499.94	89568.30	89504.42	89572.31
1	3	4	89633.43	89677.92	89637.54	89681.81
1	3	4	89735.63	89873.59	89739.77	89877.31
1	4	Z	90048.68	90240.29	90053.00	90244.41
1	4	Z	90301.71	90524.18	90306.04	90527.73
1	4	Z	90571.25	90632.01	90575.54	90635.84
1	4	Z	90680.29	90733.08	90684.48	90736.76
1	5	5	90937.76	91017.56	90941.66	91021.51
1	5	5	91069.26	91121.11	91073.34	91125.23
1	5	5	91176.04	91221.15	91180.11	91225.39
1	5	5	91277.95	91327.84	91281.51	91332.00
1	5	5	91367.62	91422.55	91371.77	91426.65
1	6	S	91602.44	91666.11	91606.58	91670.34
1	6	S	91726.10	91780.02	91729.87	91783.93
1	6	S	91825.70	91883.90	91829.49	91887.85
1	7	L	92080.85	92135.55	92085.35	92140.21
1	7	L	92191.61	92379.46	92195.13	92383.13
1	7	L	92444.08	92502.01	92448.26	92506.27
1	7	L	92556.21	92612.12	92560.37	92616.50
1	9	=	92956.05	93167.41	92960.20	93171.74
1	9	=	93228.34	93286.26	93232.51	93290.38
1	9	=	93340.78	93388.90	93345.28	93392.92
1	9	=	93443.18	93500.95	93447.07	93504.96
1	9	=	93562.62	93737.13	93567.26	93740.79
1	11	H	94174.05	94223.54	94177.83	94227.58
1	11	H	94286.07	94350.66	94290.37	94355.08
1	11	H	94413.70	94460.67	94417.76	94464.92
1	11	H	94519.00	94560.67	94522.67	94564.63
1	12	R	94768.68	94815.24	94772.67	94819.25
1	12	R	94873.06	95077.76	94876.55	95082.15
1	12	R	95134.01	95196.94	95137.76	95201.08
1	14	A	95661.15	95721.09	95664.85	95725.29
1	14	A	95782.92	95952.82	95787.08	95956.48
1	15	N	96152.06	96331.62	96156.37	96335.92
1	15	N	96387.64	96443.90	96391.50	96447.81
1	16	T	96629.73	96832.72	96633.61	96836.37
1	18	W	97289.49	97356.78	97293.53	97361.08
1	18	W	97411.17	97559.25	97415.49	97562.79
1	18	W	97618.00	97774.28	97622.05	97778.23
1	19	X	97941.33	98140.74	97945.05	98145.09
1	19	X	98205.00	98267.84	98209.18	98271.78
1	19	X	98328.80	98386.62	98332.71	98390.47
1	19	X	98441.32	98628.73	98445.20	98632.90
1	21	L	98966.09	99018.99	98970.25	99023.56
1	21	L	99077.83	99291.03	99082.05	99295.37
1	21	L	99343.54	99393.84	99347.24	99397.69
1	21	L	99447.78	99501.87	99451.85	99505.71
1	22	O	99700.69	99877.78	99704.38	99881.85
1	22	O	99934.26	100098.84	99938.43	100103.22
1	22	O	100155.09	100339.64	100159.36	100343.67
1	23	T	100512.46	100704.16	100516.27	100708.23
1	24	W	100863.43	100920.05	100867.70	100924.03
1	24	W	100973.89	101145.95	100977.95	101150.37
1	24	W	101188.97	101410.49	101193.09	101414.59
1	26	C	101837.75	102026.97	101841.83	102030.82
1	26	C	102082.56	102138.01	102086.57	102141.89
1	26	C	102193.24	102356.95	102196.95	102360.52
1	26	C	102411.45	102475.91	102415.70	102479.94
1	27	O	102654.76	102873.12	102658.88	102877.18
1	27	O	102927.98	103138.12	102931.52	103142.43
1	27	O	103191.76	103382.15	103195.91	103386.04
1	28	P	103617.45	103666.15	103621.74	103669.71
1	28	P	103718.01	103945.45	103721.92	103949.35
1	28	P	104006.05	104187.00	104010.15	104191.00
1	28	P	104240.14	104301.66	104244.35	104306.46
1	29	Y	104461.37	104620.89	104465.75	104625.06
1	29	Y	104674.58	104735.39	104678.29	104739.46
1	29	Y	104790.23	104986.44	104794.59	104990.24
1	29	Y	105041.58	105265.37	105045.93	105269.32
1	31	R	105667.59	105728.65	105671.31	105732.20
1	31	R	105775.63	105966.31	105779.36	105969.95
1	31	R	106021.92	106089.83	106025.57	106093.63
1	32	I	106269.16	106331.12	106273.21	106335.00
1	32	I	106384.91	106454.06	106388.66	106458.19
1	33	G	106602.97	106790.09	106606.64	106794.17
1	33	G	106842.63	106987.26	106846.91	106991.41
1	33	G	107056.75	107108.21	107060.37	107112.28
1	35	H	107592.79	107655.07	107597.07	107659.16
1	35	H	107720.92	107777.99	107725.17	107781.65
1	35	H	107831.72	107890.02	107835.64	107894.19
1	35	H	107958.77	108012.57	107962.64	108016.67
1	36	P	108217.22	108283.68	108220.94	108287.81
1	36	P	108348.54	108553.32	108352.56	108556.98
1	36	P	108611.05	108826.06	108615.15	108830.10
1	36	P	108880.11	108935.98	108884.14	108939.67
1	37	E	109122.25	109177.68	109126.18	109181.77
1	39	F	109612.53	109676.42	109616.86	109680.25
1	39	F	109733.14	109798.12	109737.00	109801.78
1	39	F	109861.12	110052.08	109865.58	110056.19
1	39	F	110116.29	110174.35	110120.39	110178.23
1	40	E	110368.06	110432.63	110371.66	110436.83
1	41	R	110646.76	110701.93	110650.70	110705.59
1	41	R	110755.98	110965.18	110759.66	110969.43
1	41	R	111034.00	111095.39	111038.01	111099.29
1	43	C	111562.11	111752.06	111566.25	111756.12
1	43	C	111810.78	111868.39	111814.59	111872.53
1	43	C	111937.36	112128.72	111941.17	112132.22
1	43	C	112189.97	112227.61	112194.00	112231.48
1	44	O	112420.17	112602.81	112424.37	112606.86
1	44	O	112663.87	112854.65	112667.77	112858.38
1	44	O	112916.72	113103.56	112920.31	113107.64
1	45	P	113316.16	113369.15	113320.37	113373.32
1	45	P	113410.07	113614.95	113414.12	113618.45
1	45	P	113681.24	113869.39	113684.93	113873.65
1	45	P	113929.23	114010.82	113933.50	114014.97
1	46	Y	114145.70	114323.59	114149.32	114327.21
1	46	Y	114366.73	114422.37	114371.03	114426.64
1	46	Y	114482.48	114641.34	114486.57	114645.55
1	46	Y	114687.55	114882.29	114691.17	114885.78
1	48	Q	115305.41	115508.64	115309.62	115512.85
1	48	Q	115579.88	115759.48	115583.67	115763.65
1	48	Q	115829.60	115888.40	115833.86	115892.76
1	48	Q	115940.90	116129.39	115944.65	116132.93
1	49	R	116350.84	116415.15	116355.11	116419.49
1	49	R	116481.87	116705.64	116485.64	116709.16
1	49	R	116773.92	116817.88	116778.12	116822.34
1	50	M	117008.39	117200.69	117012.33	117204.43
1	50	M	117267.70	117455.51	117271.64	117459.48
1	52	=	117835.48	117993.82	117839.71	117997.87
1	52	=	118058.43	118120.42	118062.71	118124.22
1	52	=	118183.01	118243.23	118186.95	118247.37
1	52	=	118294.41	118358.29	118298.62	118362.07
1	52	=	118422.45	118633.83	118426.52	118638.02
1	54	C	119123.81	119297.86	119127.70	119301.99
1	54	C	119361.23	119417.00	119365.54	119420.68
1	54	C	119474.51	119678.07	119478.43	119681.80
1	54	C	119735.92	119791.36	119739.97	119795.06
1	55	A	119957.50	120023.03	119961.23	120027.20
1	55	A	120083.39	120259.03	120087.77	120263.00
1	56	L	120642.74	120709.76	120646.96	120713.77
1	56	L	120766.60	120949.91	120772.34	120953.76
1	56	L	121007.51	121076.62	121011.59	121080.80
1	56	L	121134.22	121199.56	121138.35	121203.17
1	57	L	121382.49	121442.35	121386.12	121446.34
1	57	L	121499.00	121669.39	121502.87	121673.68
1	57	L	121728.65	121792.90	121732.24	121797.16
1	57	L	121849.08	121910.44	121853.06	121914.04
1	58	S	122075.50	122137.55	122079.76	122141.30
1	58	S	122199.06	122251.20	122203.21	122254.90
1	58	S	122301.56	122349.32	122305.94	122353.31
1	60	L	122856.22	122909.56	122860.61	122913.40
1	60	L	122975.49	123191.81	122979.20	123196.07
1	60	L	123246.70	123298.85	123251.04	123302.53
1	60	L	123350.69	123417.61	123354.40	123421.62
1	61	Y	123622.23	123800.03	123626.85	123804.08
1	61	Y	123851.63	123906.35	123855.93	123910.16
1	61	Y	123968.48	124135.68	123972.54	124139.66
1	61	Y	124182.53	124367.55	124186.43	124372.03
1	62	8	124586.42	124775.60	124590.56	124779.43
1	62	8	124843.66	125022.41	124847.60	125026.54
1	62	8	125072.65	125225.16	125076.79	125229.04
1	62	8	125286.23	125348.10	125290.51	125351.81
1	62	8	125400.92	125465.50	125405.18	125469.30
1	63	W	125665.52	125719.53	125669.58	125723.13
1	63	W	125783.47	125964.33	125787.17	125968.51
1	63	W	126024.77	126187.66	126028.75	126191.97
1	64	Y	126406.62	126604.48	126410.28	126608.91
1	64	Y	126662.56	126712.47	126667.11	126716.71
1	64	Y	126768.17	126934.37	126772.41	126937.82
1	64	Y	127004.19	127234.21	127007.81	127238.54
1	66	L	127671.74	127722.83	127675.77	127726.82
1	66	L	127770.53	127941.78	127774.90	127945.57
1	66	L	127997.80	128055.76	128002.04	128059.39
1	66	L	128109.31	128175.91	128113.52	128179.81
1	67	Z	128408.32	128678.99	128412.05	128682.70
1	67	Z	128734.09	128935.12	128738.26	128939.29
1	67	Z	129000.68	129061.65	129004.60	129065.64
1	67	Z	129114.51	129176.86	129118.82	129181.07
1	68	9	129362.63	129558.99	129366.69	129563.30
1	68	9	129618.31	129806.88	129622.13	129810.75
1	68	9	129863.84	130067.04	129868.07	130070.67
1	68	9	130114.85	130340.88	130119.03	130344.88
1	68	9	130391.36	130461.45	130395.19	130465.69
1	69	Q	130675.81	130852.47	130679.61	130857.05
1	69	Q	130916.86	131106.10	130920.47	131109.67
1	69	Q	131165.95	131224.31	131169.90	131228.75
1	69	Q	131286.41	131471.07	131290.03	131474.93
1	71	=	131904.27	132094.29	131908.09	132097.87
1	71	=	132158.79	132216.23	132162.83	132220.41
1	71	=	132267.01	132325.53	132271.20	132329.24
1	71	=	132395.93	132464.63	132399.56	132468.72
1	71	=	132526.46	132729.54	132530.50	132733.50
1	73	N	133145.59	133345.17	133149.86	133349.23
1	73	N	133410.42	133463.53	133414.09	133467.92
1	74	R	133689.45	133757.98	133693.35	133761.77
1	74	R	133809.57	134028.57	133813.20	134032.86
1	74	R	134089.15	134148.10	134093.08	134151.89
1	76	6	134597.86	134810.60	134601.97	134814.47
1	76	6	134870.97	134927.69	134874.61	134931.90
1	76	6	134991.00	135056.31	134994.85	135059.83
1	76	6	135114.10	135182.75	135118.02	135187.10
1	76	6	135237.90	135301.49	135241.53	135305.58
1	77	9	135521.59	135697.59	135525.48	135701.87
1	77	9	135744.69	135932.73	135748.31	135936.39
1	77	9	135974.44	136163.45	135978.22	136167.74
1	77	9	136213.61	136394.67	136217.96	136398.45
1	77	9	136437.35	136498.15	136440.99	136501.93
1	79	5	136916.59	136967.45	136920.48	136971.07
1	79	5	137021.54	137077.47	137025.39	137081.90
1	79	5	137132.65	137183.63	137136.53	137187.45
1	79	5	137249.55	137321.79	137253.15	137325.97
1	79	5	137371.26	137437.15	137374.92	137440.77
1	80	3	137616.40	137676.16	137620.48	137680.19
1	80	3	137729.94	137778.87	137733.82	137782.49
1	80	3	137840.59	137888.06	137844.32	137892.32
1	80	3	137935.22	138141.66	137939.28	138145.24
1	80	3	138193.01	138379.99	138197.19	138383.80
1	81	3	138515.30	138565.64	138518.77	138569.82
1	81	3	138620.31	138670.99	138624.52	138675.19
1	81	3	138717.39	138773.33	138721.17	138777.10
1	81	3	138830.18	138990.00	138834.14	138994.03
1	81	3	139056.58	139209.26	139060.24	139213.11
1	83	4	139662.28	139719.77	139666.44	139723.48
1	83	4	139778.96	139836.80	139782.98	139841.01
1	83	4	139893.58	139949.52	139897.67	139953.28
1	83	4	140012.82	140066.26	140017.32	140070.05
1	83	4	140121.76	140336.27	140125.99	140339.93
1	84	5	140522.90	140579.81	140526.93	140583.62
1	84	5	140633.47	140698.76	140637.61	140702.42
1	84	5	140766.18	140836.77	140770.29	140840.66
1	84	5	140896.15	140938.94	140900.05	140943.04
1	84	5	140991.96	141060.86	140995.66	141065.28
1	85	6	141239.63	141415.19	141243.83	141419.17
1	85	6	141476.22	141527.84	141480.27	141531.91
1	85	6	141584.77	141647.35	141588.71	141651.59
1	85	6	141707.06	141754.15	141711.03	141757.93
1	85	6	141819.17	141863.29	141822.90	141867.09
1	86	4	142016.44	142069.71	142020.41	142074.16
1	86	4	142118.65	142170.91	142122.54	142174.97
1	86	4	142234.67	142297.32	142238.70	142301.09
1	86	4	142351.11	142404.24	142355.44	142408.24
1	86	4	142441.16	142646.68	142445.18	142650.28
1	88	=	143080.19	143268.69	143084.52	143272.33
1	88	=	143320.82	143370.78	143324.79	143374.72
1	88	=	143438.10	143488.91	143442.26	143493.08
1	88	=	143551.60	143613.83	143555.83	143617.49
1	88	=	143675.66	143900.22	143679.79	143904.79
1	90	D	144396.58	144569.45	144400.72	144573.59
1	90	D	144622.96	144691.35	144626.52	144695.27
1	90	D	144751.36	144809.53	144755.27	144813.05
1	91	E	145006.21	145065.42	145009.80	145069.40
1	93	4	145498.59	145546.88	145502.51	145550.89
1	93	4	145598.85	145662.50	145602.89	145666.78
1	93	4	145728.73	145779.63	145732.80	145783.57
1	93	4	145841.21	145890.33	145845.13	145893.92
1	93	4	145954.86	146123.31	145958.88	146127.39
1	94	Z	146320.85	146453.35	146325.17	146457.45
1	94	Z	146504.25	146685.89	146508.26	146689.57
1	94	Z	146731.47	146787.27	146735.77	146791.20
1	94	Z	146840.46	146901.93	146844.73	146906.13
1	95	5	147098.89	147145.57	147102.75	147149.49
1	95	5	147206.29	147265.90	147210.38	147269.92
1	95	5	147316.32	147368.92	147319.97	147372.69
1	95	5	147423.96	147474.76	147427.88	147479.06
1	95	5	147529.42	147588.14	147533.13	147591.96
1	96	S	147751.51	147797.10	147755.69	147800.90
1	96	S	147850.94	147904.87	147854.67	147908.54
1	96	S	147961.75	148021.74	147965.40	148025.33
1	97	L	148207.04	148244.93	148210.67	148249.38
1	97	L	148312.99	148536.04	148316.78	148540.13
1	97	L	148587.68	148643.03	148591.92	148647.35
1	97	L	148702.09	148749.55	148706.16	148753.51
1	99	K	149134.67	149347.02	149138.33	149350.87
1	99	K	149394.57	149454.51	149398.56	149459.21
1	99	K	149520.01	149690.23	149524.05	149694.39
2	0	D	153838.53	153951.46	153842.72	153955.53
2	0	D	153996.75	154043.31	154000.99	154047.25
2	0	D	154073.11	154116.85	154076.86	154120.91
2	1	E	154245.74	154284.86	154249.40	154288.82
2	3	4	154575.20	154620.81	154579.39	154624.83
2	3	4	154656.64	154704.55	154660.45	154708.57
2	3	4	154742.46	154785.75	154746.32	154789.37
2	3	4	154822.21	154866.74	154826.08	154870.62
2	3	4	154907.86	155022.87	154912.05	155027.09
2	4	Z	155125.99	155256.21	155129.82	155260.07
2	4	Z	155297.91	155407.99	155302.07	155412.02
2	4	Z	155455.74	155491.98	155459.73	155495.50
2	4	Z	155530.07	155570.43	155534.09	155574.51
2	5	5	155688.26	155727.81	155692.22	155731.67
2	5	5	155760.95	155801.44	155765.17	155805.32
2	5	5	155837.60	155879.57	155841.81	155883.31
2	5	5	155912.93	155951.51	155917.07	155955.44
2	5	5	155991.43	156032.60	155995.32	156036.65
2	6	S	156143.81	156191.75	156147.82	156195.62
2	6	S	156226.82	156264.27	156230.38	156268.06
2	6	S	156307.95	156340.62	156311.78	156344.82
2	7	L	156453.05	156485.46	156457.27	156489.55
2	7	L	156522.32	156668.62	156526.48	156672.85
2	7	L	156715.00	156755.98	156719.06	156760.17
2	7	L	156797.55	156837.85	156801.82	156841.83
2	9	=	157100.84	157228.06	157104.89	157232.30
2	9	=	157262.81	157300.81	157266.63	157304.51
2	9	=	157338.15	157370.68	157342.51	157374.71
2	9	=	157400.56	157436.97	157404.82	157441.35
2	9	=	157475.33	157630.30	157478.99	157634.48
2	11	T	157894.33	158041.86	157898.67	158045.98
2	12	E	158173.76	158213.06	158178.02	158217.30
2	13	S	158313.59	158364.71	158317.59	158368.25
2	13	S	158397.30	158435.13	158401.70	158439.32
2	13	S	158481.01	158520.39	158485.26	158524.43
2	14	T	158649.68	158776.15	158653.80	158779.89
2	16	Y	159074.06	159181.41	159078.31	159185.74
2	16	Y	159225.81	159268.52	159229.39	159272.82
2	16	Y	159311.19	159465.73	159315.30	159469.81
2	16	Y	159505.33	159628.50	159509.08	159632.30
2	17	L	159750.89	159784.03	159754.91	159787.67
2	17	L	159819.35	159953.33	159823.68	159957.38
2	17	L	159985.49	160024.86	159989.53	160029.06
2	17	L	160071.35	160112.18	160075.66	160116.32
2	18	9	160224.78	160360.91	160228.79	160364.91
2	18	9	160400.62	160528.44	160404.64	160532.24
2	18	9	160569.06	160661.72	160573.39	160666.47
2	18	9	160707.87	160817.88	160711.56	160821.70
2	18	9	160854.53	160898.07	160858.52	160901.64
2	19	O	161019.03	161160.71	161023.35	161165.02
2	19	O	161203.93	161333.68	161208.06	161337.65
2	19	O	161373.53	161500.31	161377.53	161504.41
2	20	W	161627.88	161670.17	161632.15	161674.28
2	20	W	161715.76	161870.14	161719.61	161874.02
2	20	W	161908.81	162031.75	161913.03	162035.79
2	21	A	162140.61	162189.51	162145.39	162193.31
2	21	A	162221.84	162374.28	162226.25	162378.23
2	23	5	162651.00	162690.53	162655.28	162694.77
2	23	5	162732.06	162775.18	162735.81	162778.94
2	23	5	162814.55	162856.41	162818.21	162860.56
2	23	5	162897.69	162932.85	162901.81	162937.01
2	23	5	162973.51	163025.51	162977.56	163029.65
2	24	5	163165.64	163202.82	163169.67	163207.01
2	24	5	163240.90	163277.77	163245.01	163281.40
2	24	5	163316.26	163360.88	163319.90	163364.77
2	24	5	163393.93	163433.91	163397.95	163437.78
2	24	5	163476.80	163512.34	163480.88	163515.99
2	25	9	163679.92	163799.84	163684.24	163803.50
2	25	9	163844.46	164013.81	163848.26	164018.25
2	25	9	164048.59	164172.44	164052.24	164176.79
2	25	9	164216.87	164367.38	164220.74	164371.43
2	25	9	164412.01	164457.52	164415.65	164461.53
2	27	5	164750.26	164792.17	164753.86	164796.17
2	27	5	164831.87	164873.94	164836.26	164878.32
2	27	5	164915.22	164953.42	164918.99	164957.14
2	27	5	164985.89	165025.63	164990.04	165029.63
2	27	5	165056.06	165099.85	165060.00	165103.40
2	28	7	165219.87	165334.91	165223.59	165338.64
2	28	7	165372.73	165496.31	165376.75	165500.60
2	28	7	165531.09	165567.19	165534.93	165571.27
2	28	7	165609.80	165656.78	165613.99	165660.42
2	28	7	165693.86	165731.04	165698.16	165734.74
2	29	7	165850.97	165954.10	165855.28	165957.88
2	29	7	165989.13	166123.16	165993.25	166126.92
2	29	7	166165.73	166219.97	166169.35	166224.29
2	29	7	166266.00	166304.37	166270.27	166308.54
2	29	7	166345.28	166391.64	166348.84	166395.74
2	31	=	166666.15	166777.13	166670.25	166781.09
2	31	=	166815.98	166858.15	166820.24	166861.76
2	31	=	166896.03	166939.65	166900.12	166943.43
2	31	=	166983.18	167024.97	166987.26	167028.80
2	31	=	167063.57	167205.16	167067.50	167208.89
2	33	T	167491.87	167648.37	167495.55	167652.21
2	34	A	167802.24	167840.73	167805.96	167844.36
2	34	A	167887.08	168012.40	167890.84	168016.73
2	35	4	168121.63	168165.35	168125.67	168169.97
2	35	4	168205.33	168247.97	168209.20	168251.95
2	35	4	168283.67	168320.07	168287.37	168323.62
2	35	4	168354.35	168393.07	168358.70	168396.60
2	35	4	168426.06	168543.71	168429.85	168547.59
2	36	I	168702.23	168737.97	168706.55	168741.86
2	36	I	168779.45	168820.93	168783.24	168825.10
2	38	5	169063.05	169101.37	169067.24	169105.24
2	38	5	169137.97	169173.71	169142.12	169177.88
2	38	5	169207.65	169244.42	169211.72	169248.22
2	38	5	169286.82	169328.07	169290.83	169331.99
2	38	5	169364.09	169407.00	169367.80	169411.26
2	39	4	169546.35	169593.41	169550.46	169597.60
2	39	4	169632.75	169672.72	169636.90	169676.80
2	39	4	169718.84	169762.15	169722.88	169766.33
2	39	4	169799.27	169839.81	169803.10	169843.60
2	39	4	169874.91	169986.57	169879.09	169990.23
2	40	9	170101.17	170231.87	170105.20	170236.21
2	40	9	170273.42	170390.01	170277.18	170394.13
2	40	9	170427.74	170577.94	170431.96	170582.03
2	40	9	170609.14	170756.28	170612.96	170760.14
2	40	9	170794.92	170842.96	170798.78	170847.40
2	42	0	171150.28	171289.48	171153.97	171293.20
2	42	0	171322.34	171444.75	171326.69	171448.45
2	42	0	171477.64	171613.05	171481.44	171616.95
2	42	0	171645.31	171756.06	171648.93	171760.22
2	42	0	171800.30	171932.90	171804.26	171936.71
2	43	6	172050.92	172184.19	172055.11	172188.39
2	43	6	172222.34	172265.77	172226.42	172269.33
2	43	6	172300.49	172338.89	172304.95	172343.00
2	43	6	172380.12	172421.35	172384.25	172425.43
2	43	6	172462.54	172506.80	172466.70	172511.11
2	44	0	172625.15	172741.85	172628.90	172746.18
2	44	0	172778.85	172903.41	172782.98	172907.05
2	44	0	172934.89	173065.06	172938.53	173069.28
2	44	0	173103.82	173225.33	173107.91	173229.70
2	44	0	173263.41	173404.67	173267.15	173408.69
2	46	=	173637.24	173792.15	173641.45	173796.22
2	46	=	173826.97	173870.86	173831.02	173874.48
2	46	=	173917.70	173961.31	173921.69	173965.68
2	46	=	173997.63	174040.87	174001.38	174044.69
2	46	=	174084.15	174215.60	174087.76	174219.93
2	48	L	174500.36	174547.70	174504.20	174551.65
2	48	L	174594.76	174745.09	174598.48	174748.98
2	48	L	174785.02	174830.86	174788.75	174834.92
2	48	L	174858.59	174898.76	174862.69	174902.97
2	49	A	175031.63	175081.02	175035.54	175085.28
2	49	A	175123.91	175250.51	175128.08	175254.36
2	50	/	175399.28	175531.18	175403.57	175534.88
2	50	/	175570.62	175614.51	175574.93	175618.69
2	50	/	175652.40	175696.67	175656.50	175700.86
2	50	/	175732.56	175863.82	175736.17	175867.68
2	50	/	175893.18	175936.56	175897.05	175940.66
2	51	9	176081.77	176183.49	176085.28	176187.43
2	51	9	176226.54	176353.70	176230.70	176357.67
2	51	9	176396.88	176509.92	176401.02	176513.78
2	51	9	176545.25	176665.66	176549.31	176669.47
2	51	9	176702.61	176749.92	176706.85	176754.09
2	52	A	176861.55	176908.31	176865.56	176912.14
2	52	A	176950.43	177122.49	176954.29	177126.35
2	53	3	177245.28	177285.07	177249.55	177289.05
2	53	3	177320.19	177352.45	177324.41	177355.95
2	53	3	177396.00	177441.56	177400.43	177445.82
2	53	3	177484.99	177630.77	177489.60	177634.71
2	53	3	177661.78	177833.83	177665.85	177837.86
2	54	L	177952.68	177997.23	177956.41	178001.00
2	54	L	178042.68	178177.93	178046.54	178181.94
2	54	L	178216.94	178250.99	178221.16	178254.71
2	54	L	178283.53	178324.51	178287.10	178328.66
2	55	Y	178486.18	178600.99	178490.45	178604.77
2	55	Y	178647.95	178698.02	178652.15	178702.16
2	55	Y	178734.09	178850.89	178737.90	178854.90
2	55	Y	178880.20	179021.14	178884.04	179025.03
2	56	C	179156.92	179277.21	179161.17	179280.96
2	56	C	179310.79	179350.47	179314.65	179354.05
2	56	C	179379.45	179508.62	179383.40	179512.81
2	56	C	179548.09	179595.76	179551.88	179599.78
2	58	5	179883.72	179925.78	179887.81	179929.77
2	58	5	179962.91	180002.21	179966.76	180006.49
2	58	5	180042.85	180078.24	180046.75	180082.16
2	58	5	180115.76	180156.44	180119.66	180160.56
2	58	5	180197.26	180236.62	180201.43	180240.17
2	59	6	180327.73	180469.36	180331.61	180473.35
2	59	6	180506.23	180550.92	180510.36	180554.83
2	59	6	180584.93	180625.37	180588.44	180629.70
2	59	6	180665.75	180708.02	180669.88	180712.31
2	59	6	180743.19	180788.11	180747.20	180792.15
2	60	9	180917.83	181043.18	180921.89	181047.42
2	60	9	181079.77	181227.55	181083.94	181231.80
2	60	9	181263.92	181384.55	181267.91	181388.36
2	60	9	181422.89	181541.77	181427.06	181545.64
2	60	9	181582.25	181625.52	181586.19	181629.32
2	62	0	181888.13	181994.59	181892.52	181998.63
2	62	0	182036.55	182147.12	182040.85	182151.63
2	62	0	182183.34	182326.16	182187.38	182330.15
2	62	0	182358.17	182455.03	182361.79	182459.56
2	62	0	182486.30	182613.63	182490.54	182617.62
2	63	9	182729.52	182878.04	182733.20	182881.87
2	63	9	182913.33	183049.71	182917.10	183053.45
2	63	9	183080.48	183211.03	183084.08	183215.51
2	63	9	183248.57	183392.23	183252.70	183396.24
2	63	9	183428.74	183458.06	183432.87	183461.82
2	64	1	183586.40	183624.71	183591.03	183628.29
2	64	1	183662.60	183808.21	183666.45	183811.88
2	64	1	183845.36	183964.71	183849.53	183968.41
2	64	1	183998.11	184120.54	184002.13	184124.73
2	64	1	184158.55	184252.44	184162.62	184256.44
2	66	=	184528.20	184652.45	184531.90	184656.42
2	66	=	184691.53	184739.17	184695.83	184742.87
2	66	=	184774.37	184817.51	184778.07	184821.55
2	66	=	184849.20	184889.61	184853.34	184893.13
2	66	=	184922.42	185028.10	184926.60	185032.32
2	68	Q	185256.46	185386.29	185259.99	185390.23
2	68	Q	185414.18	185532.28	185418.35	185536.61
2	68	Q	185577.81	185620.39	185581.94	185624.84
2	68	Q	185662.25	185789.61	185666.59	185793.84
2	69	R	185912.82	185948.94	185916.68	185952.84
2	69	R	185993.51	186129.34	185997.09	186133.19
2	69	R	186165.42	186195.46	186168.97	186199.46
2	70	Z	186299.24	186414.52	186303.21	186418.60
2	70	Z	186449.79	186595.83	186453.84	186599.66
2	70	Z	186640.23	186689.68	186644.84	186693.60
2	70	Z	186731.00	186772.43	186734.62	186776.78
2	71	?	186875.88	186917.78	186879.71	186921.40
2	71	?	186955.57	186992.48	186959.47	186996.59
2	71	?	187026.77	187119.39	187030.83	187123.25
2	71	?	187148.47	187281.50	187152.63	187285.22
2	71	?	187320.21	187358.58	187324.16	187362.50
2	71	?	187393.99	187431.92	187398.10	187435.75
2	73	S	187699.63	187740.38	187703.27	187744.72
2	73	S	187777.13	187818.23	187781.02	187822.45
2	73	S	187856.31	187904.58	187860.25	187908.43
2	74	5	188218.16	188262.44	188222.21	188266.24
2	74	5	188299.45	188342.71	188303.08	188346.27
2	74	5	188378.03	188420.83	188381.78	188424.39
2	74	5	188452.97	188498.92	188457.22	188502.41
2	74	5	188533.46	188574.12	188537.61	188578.34
2	75	G	188709.58	188848.37	188713.57	188852.08
2	75	G	188878.98	188988.72	188882.74	188992.73
2	75	G	189029.94	189068.14	189033.45	189071.82
2	76	Y	189201.40	189342.76	189205.00	189347.11
2	76	Y	189384.07	189427.70	189387.71	189431.97
2	76	Y	189465.07	189581.74	189469.07	189585.86
2	76	Y	189620.05	189785.20	189624.31	189788.90
2	77	A	190050.50	190083.44	190054.69	190087.60
2	77	A	190122.30	190246.00	190125.98	190250.09
2	79	=	190509.82	190637.96	190514.10	190642.12
2	79	=	190684.67	190724.54	190688.71	190728.41
2	79	=	190763.07	190806.22	190767.24	190810.45
2	79	=	190847.38	190890.89	190850.94	190894.73
2	79	=	190931.27	191066.96	190935.45	191070.91
2	81	D	191335.69	191464.40	191339.74	191468.07
2	81	D	191496.37	191543.21	191500.69	191547.16
2	81	D	191584.96	191637.44	191589.10	191641.44
2	82	E	191767.70	191803.25	191771.84	191807.18
2	84	4	192081.97	192124.06	192085.83	192128.14
2	84	4	192171.34	192202.24	192175.18	192206.37
2	84	4	192238.36	192280.31	192242.38	192283.91
2	84	4	192314.99	192352.09	192318.80	192356.29
2	84	4	192395.53	192537.20	192399.24	192541.29
2	85	Z	192671.47	192796.52	192675.60	192800.55
2	85	Z	192831.00	192951.57	192834.65	192955.58
2	85	Z	192986.29	193026.41	192990.31	193030.55
2	85	Z	193063.59	193099.92	193067.69	193103.59
2	86	5	193269.99	193307.45	193274.32	193311.60
2	86	5	193355.25	193394.05	193359.27	193397.64
2	86	5	193433.89	193467.82	193437.79	193471.59
2	86	5	193506.08	193555.02	193510.34	193558.61
2	86	5	193594.75	193636.30	193598.79	193640.30
2	87	S	193791.97	193832.17	193795.83	193836.29
2	87	S	193868.26	193902.93	193872.56	193907.05
2	87	S	193943.24	193991.73	193946.85	193995.56
2	88	L	194087.79	194121.17	194091.82	194124.83
2	88	L	194157.55	194305.64	194161.27	194309.08
2	88	L	194341.67	194378.54	194345.54	194382.77
2	88	L	194413.18	194457.16	194417.28	194461.32
2	90	K	194738.96	194857.36	194742.67	194861.38
2	90	K	194900.63	194948.88	194904.98	194953.05
2	90	K	194990.43	195131.30	194994.54	195135.14
3	0	D	199279.88	199460.66	199283.77	199465.05
3	0	D	199509.37	199588.35	199513.01	199591.96
3	0	D	199643.16	199733.10	199647.50	199737.28
3	1	E	200027.09	200101.92	200031.18	200105.63
3	3	4	200621.92	200702.13	200626.20	200705.91
3	3	4	200758.84	200848.82	200763.25	200852.64
3	3	4	200889.65	200974.82	200893.33	200978.61
3	3	4	201021.49	201109.68	201025.76	201114.00
3	3	4	201162.28	201439.56	201166.32	201443.15
3	4	Z	201872.91	202079.60	201876.95	202084.33
3	4	Z	202127.75	202349.67	202131.47	202354.01
3	4	Z	202395.84	202467.93	202399.62	202471.69
3	4	Z	202522.46	202619.96	202526.59	202624.23
3	5	5	202864.09	202937.84	202867.88	202942.07
3	5	5	202995.46	203093.50	202999.36	203097.48
3	5	5	203144.36	203202.30	203148.41	203205.82
3	5	5	203247.29	203327.94	203251.64	203331.70
3	5	5	203370.70	203451.17	203374.65	203454.99
3	6	S	203713.86	203792.89	203717.73	203797.21
3	6	S	203853.44	203925.56	203857.49	203929.18
3	6	S	203974.81	204039.13	203978.98	204043.41
3	7	L	204217.68	204279.43	204222.35	204283.02
3	7	L	204317.46	204582.72	204321.72	204586.96
3	7	L	204654.46	204735.51	204658.01	204739.71
3	7	L	204778.52	204878.46	204782.46	204882.11
3	9	=	205256.41	205482.49	205260.46	205486.29
3	9	=	205535.62	205614.36	205539.48	205618.16
3	9	=	205647.45	205735.37	205651.45	205739.33
3	9	=	205771.25	205845.85	205775.45	205849.78
3	9	=	205896.67	206144.47	205900.32	206148.46
3	11	R	206607.79	206696.64	206611.32	206700.68
3	11	R	206761.03	207015.68	206765.10	207019.87
3	11	R	207052.90	207133.85	207056.99	207138.02
3	13	R	207416.61	207489.16	207420.88	207492.94
3	13	R	207547.15	207763.27	207551.40	207767.33
3	13	R	207817.00	207883.23	207820.98	207886.89
3	15	T	208386.74	208579.80	208390.48	208583.71
3	16	N	208772.69	208931.61	208779.25	208935.42
3	16	N	208994.32	209071.43	208998.02	209075.26
3	17	X	209276.62	209532.16	209280.98	209536.22
3	17	X	209574.74	209644.20	209578.30	209647.99
3	17	X	209685.13	209746.40	209688.91	209750.07
3	17	X	209813.39	210129.64	209817.43	210133.71
3	19	P	210619.39	210697.59	210623.14	210701.77
3	19	P	210731.51	210995.73	210735.59	210999.40
3	19	P	211044.78	211298.13	211048.55	211302.21
3	19	P	211347.33	211426.45	211351.43	211430.71
3	20	E	211617.71	211699.40	211621.67	211703.48
3	21	T	211930.39	212176.06	211934.28	212179.92
3	22	E	212391.01	212471.42	212394.68	212475.21
3	23	R	212641.09	212727.50	212644.84	212731.70
3	23	R	212783.63	213023.42	212787.59	213027.19
3	23	R	213061.81	213119.51	213066.17	213123.94
3	25	F	213625.79	213703.60	213629.91	213707.36
3	25	F	213767.86	213859.54	213772.12	213863.42
3	25	F	213915.37	214199.24	213919.01	214203.72
3	25	F	214247.95	214325.88	214251.88	214330.10
3	26	B	214822.66	215044.44	214826.88	215048.59
3	26	B	215093.26	215170.44	215097.42	215174.28
3	26	B	215220.55	215297.09	215224.69	215300.74
3	26	B	215353.05	215439.84	215357.27	215443.88
3	28	=	215879.26	216154.25	215883.26	216158.22
3	28	=	216209.43	216301.39	216213.17	216305.64
3	28	=	216349.37	216421.99	216353.63	216426.38
3	28	=	216466.36	216549.62	216470.60	216553.18
3	28	=	216592.53	216831.51	216596.25	216835.76
3	30	R	217257.50	217334.69	217261.79	217338.86
3	30	R	217378.65	217581.23	217382.67	217585.20
3	30	R	217632.01	217709.27	217635.80	217713.49
3	31	I	217887.09	217973.19	217891.37	217976.87
3	31	I	218021.01	218117.46	218025.06	218120.97
3	32	G	218279.83	218493.47	218283.96	218497.05
3	32	G	218545.27	218785.59	218549.28	218789.86
3	32	G	218828.53	218891.37	218832.23	218895.37
3	34	F	219345.40	219427.24	219349.74	219431.61
3	34	F	219469.03	219553.74	219473.24	219557.43
3	34	F	219598.36	219776.07	219602.44	219779.93
3	34	F	219823.62	219907.63	219827.84	219911.27
3	35	T	220144.10	220399.32	220148.60	220403.10
3	36	D	220565.90	220798.74	220570.11	220803.01
3	36	D	220853.71	220948.91	220858.18	220952.88
3	36	D	220995.92	221063.48	220999.73	221067.59
3	37	X	221255.00	221485.05	221259.07	221489.29
3	37	X	221531.94	221614.98	221535.59	221618.86
3	37	X	221671.26	221746.65	221675.25	221750.84
3	37	X	221801.39	222013.91	221805.50	222018.01
3	38	1	222159.37	222217.18	222163.59	222221.37
3	38	1	222260.16	222556.51	222263.84	222560.52
3	38	1	222617.74	222882.31	222621.96	222886.42
3	38	1	222922.34	223184.23	222926.14	223188.64
3	38	1	223236.50	223446.21	223240.69	223450.14
3	39	0	223709.98	223987.35	223714.35	223991.44
3	39	0	224041.68	224357.37	224046.02	224361.58
3	39	0	224418.06	224653.29	224421.81	224657.02
3	39	0	224700.84	224942.20	224705.20	224946.02
3	39	0	224986.61	225182.67	224990.81	225186.84
3	41	P	225647.26	225716.68	225651.49	225720.55
3	41	P	225768.30	225996.07	225771.99	225999.80
3	41	P	226035.30	226273.47	226039.45	226277.56
3	41	P	226327.16	226427.68	226330.77	226431.75
3	42	W	226666.35	226738.36	226670.30	226742.18
3	42	W	226778.44	227002.35	226782.87	227005.98
3	42	W	227056.88	227327.59	227060.93	227331.29
3	43	R	227551.05	227638.25	227554.76	227641.91
3	43	R	227705.43	227919.98	227709.13	227923.63
3	43	R	227961.12	228047.11	227964.76	228050.74
3	45	8	228517.55	228731.78	228521.36	228735.45
3	45	8	228783.58	229037.67	228787.28	229041.46
3	45	8	229076.07	229279.99	229079.86	229283.65
3	45	8	229331.24	229417.50	229334.92	229421.47
3	45	8	229463.78	229531.77	229467.62	229535.36
3	46	0	229731.03	229893.57	229734.77	229897.36
3	46	0	229940.82	230184.43	229944.43	230188.09
3	46	0	230226.93	230406.96	230230.52	230410.71
3	46	0	230453.33	230715.10	230456.96	230718.96
3	46	0	230776.96	231022.00	230780.70	231025.78
3	48	W	231416.64	231517.42	231420.32	231521.27
3	48	W	231574.16	231792.23	231577.87	231795.96
3	48	W	231851.81	232070.54	231855.38	232074.25
3	50	A	232495.85	232553.90	232499.58	232557.57
3	50	A	232601.49	232792.55	232605.27	232796.32
3	51	N	232987.02	233153.10	232990.61	233156.75
3	51	N	233200.29	233303.32	233203.96	233307.07
3	52	T	233534.58	233778.90	233538.22	233782.57
3	54	W	234195.62	234282.78	234199.05	234286.44
3	54	W	234335.61	234554.69	234339.29	234558.35
3	54	W	234610.06	234897.79	234613.78	234901.48
3	55	I	235029.37	235119.15	235033.26	235122.88
3	55	I	235157.83	235250.68	235161.75	235255.25
3	56	N	235475.19	235714.41	235479.50	235718.60
3	56	N	235750.16	235833.45	235754.25	235837.26
3	57	D	236007.17	236283.16	236011.08	236287.23
3	57	D	236334.62	236420.42	236338.28	236424.74
3	57	D	236462.26	236535.07	236466.42	236539.53
3	58	O	236716.84	237004.09	236720.91	237008.48
3	58	O	237069.22	237314.07	237072.99	237318.19
3	58	O	237376.99	237648.99	237380.81	237652.75
3	59	M	237813.11	238057.01	237817.22	238060.66
3	59	M	238108.58	238352.75	238112.44	238356.47
3	61	=	238801.22	239053.10	238804.79	239056.95
3	61	=	239111.64	239182.85	239115.48	239186.79
3	61	=	239229.06	239308.69	239232.77	239312.41
3	61	=	239355.98	239431.98	239359.73	239435.66
3	61	=	239485.68	239686.74	239489.27	239690.86
3	63	W	240051.83	240132.02	240055.82	240135.90
3	63	W	240181.65	240402.48	240185.32	240406.27
3	63	W	240444.52	240680.01	240448.35	240683.73
3	64	X	240890.24	241151.15	240894.59	241155.45
3	64	X	241199.69	241265.67	241203.89	241269.37
3	64	X	241319.96	241412.78	241323.72	241416.46
3	64	X	241464.89	241684.92	241468.56	241689.17
3	66	W	242164.18	242253.70	242168.04	242257.80
3	66	W	242304.99	242570.11	242308.84	242573.93
3	66	W	242635.33	242909.07	242639.50	242913.33
3	67	I	243110.13	243194.07	243114.01	243197.79
3	67	I	243250.05	243325.87	243253.63	243329.98
3	68	N	243642.57	243859.97	243646.43	243863.72
3	68	N	243906.69	243989.25	243910.70	243992.89
3	69	D	244229.29	244460.41	244233.54	244464.64
3	69	D	244508.56	244598.16	244512.35	244601.97
3	69	D	244643.47	244731.22	244647.91	244735.04
3	70	Y	244911.85	245169.60	244916.43	245173.84
3	70	Y	245207.67	245300.69	245211.70	245304.68
3	70	Y	245351.63	245556.24	245355.74	245560.44
3	70	Y	245599.34	245832.07	245602.98	245836.36
3	72	T	246354.66	246583.09	246358.31	246586.97
3	73	E	246762.68	246847.06	246767.18	246851.86
3	74	M	247084.47	247353.64	247088.39	247357.68
3	74	M	247413.37	247624.26	247416.97	247628.15
3	75	P	247871.60	247961.70	247875.46	247965.23
3	75	P	248006.95	248206.97	248011.18	248211.18
3	75	P	248260.75	248470.13	248264.79	248474.01
3	75	P	248528.99	248609.57	248533.16	248614.04
3	77	2	249076.45	249175.98	249080.23	249179.90
3	77	2	249214.86	249305.74	249218.93	249309.50
3	77	2	249355.48	249559.32	249359.43	249563.19
3	77	2	249610.04	249817.00	249613.63	249821.40
3	77	2	249869.68	250156.68	249873.58	250160.47
3	78	5	250395.75	250485.30	250399.66	250489.12
3	78	5	250549.34	250644.20	250553.66	250648.26
3	78	5	250697.29	250772.96	250700.94	250776.64
3	78	5	250824.78	250882.57	250828.61	250886.17
3	78	5	250936.17	251024.35	250940.07	251028.15
3	80	C	251477.61	251785.81	251481.93	251789.48
3	80	C	251838.28	251914.26	251842.27	251918.36
3	80	C	251959.16	252155.02	251963.06	252158.68
3	80	C	252207.45	252285.45	252211.41	252289.51
3	82	=	252744.77	252989.61	252749.30	252993.28
3	82	=	253040.10	253129.21	253043.75	253133.41
3	82	=	253172.40	253254.82	253175.99	253258.43
3	82	=	253316.50	253388.73	253320.71	253392.64
3	82	=	253434.01	253641.90	253437.62	253645.63
3	84	C	254027.85	254266.73	254031.60	254270.61
3	84	C	254313.79	254415.90	254317.40	254419.77
3	84	C	254455.12	254728.30	254458.99	254732.07
3	84	C	254784.65	254856.12	254788.83	254860.28
3	85	A	255103.43	255185.87	255107.38	255190.16
3	85	A	255242.39	255462.54	255246.25	255466.26
3	86	L	255656.28	255741.31	255660.24	255745.31
3	86	L	255787.64	256049.00	255792.11	256052.98
3	86	L	256089.18	256175.68	256093.02	256179.60
3	86	L	256230.29	256323.83	256234.09	256328.04
3	87	L	256492.79	256558.07	256496.40	256561.79
3	87	L	256625.24	256933.98	256628.93	256937.64
3	87	L	256976.82	257061.28	256980.63	257065.21
3	87	L	257103.65	257190.53	257107.98	257194.45
3	88	S	257364.59	257449.79	257368.35	257453.96
3	88	S	257507.54	257577.37	257511.76	257581.26
3	88	S	257622.04	257714.21	257626.20	257718.46
3	90	E	258230.11	258293.03	258233.89	258296.54
3	91	A	258460.33	258539.17	258463.88	258542.76
3	91	A	258594.59	258827.13	258598.64	258830.78
3	92	8	259045.88	259267.42	259049.43	259271.41
3	92	8	259314.64	259543.46	259318.39	259547.10
3	92	8	259595.14	259854.89	259599.33	259858.69
3	92	8	259911.01	260003.18	259915.22	260007.00
3	92	8	260063.92	260145.85	260067.58	260149.87
3	93	F	260342.09	260427.74	260346.22	260432.30
3	93	F	260472.51	260542.20	260476.14	260546.24
3	93	F	260598.31	260760.39	260602.30	260764.12
3	93	F	260812.48	260898.84	260816.56	260902.51
3	94	X	261106.39	261310.46	261110.12	261314.16
3	94	X	261349.45	261449.29	261353.32	261453.05
3	94	X	261498.25	261563.71	261502.13	261567.37
3	94	X	261612.00	261824.17	261616.20	261828.28
3	96	A	262266.35	262346.05	262270.13	262350.59
3	96	A	262392.44	262621.08	262396.67	262624.93
3	97	6	262844.83	263148.27	262848.95	263152.09
3	97	6	263199.93	263281.08	263203.73	263284.80
3	97	6	263335.34	263389.08	263339.25	263392.93
3	97	6	263447.96	263509.97	263451.92	263514.30
3	97	6	263557.89	263629.49	263561.90	263633.72
3	98	B	263840.97	264108.12	263845.25	264112.25
3	98	B	264159.40	264259.52	264163.17	264263.18
3	98	B	264326.83	264389.03	264330.51	264393.06
3	98	B	264440.36	264530.53	264444.09	264534.33
3	99	O	264807.47	265031.58	264811.24	265035.25
3	99	O	265076.17	265356.24	265080.23	265359.90
3	99	O	265429.32	265718.04	265433.67	265721.71
3	101	V	266130.83	266200.05	266134.97	266204.15
3	101	V	266257.18	266322.79	266261.54	266326.55
3	101	V	266372.63	266442.65	266376.50	266446.23
3	101	V	266502.39	266772.53	266506.15	266776.71
3	102	K	266971.94	267178.00	266975.91	267181.94
3	102	K	267235.21	267328.83	267239.21	267332.61
3	102	K	267378.76	267639.94	267382.46	267644.26
3	103	3	267855.57	267945.22	267859.32	267949.11
3	103	3	267996.98	268095.37	268001.03	268099.05
3	103	3	268145.32	268223.99	268149.01	268227.87
3	103	3	268279.65	268557.43	268284.03	268561.50
3	103	3	268613.03	268867.04	268616.82	268870.86
3	104	J	269028.39	269114.15	269032.88	269118.02
3	104	J	269171.31	269434.60	269175.05	269438.38
3	104	J	269483.12	269756.65	269487.00	269760.46
3	104	J	269801.09	269982.03	269805.26	269985.70
3	105	B	270188.41	270409.05	270192.26	270412.81
3	105	B	270456.43	270534.77	270460.11	270538.51
3	105	B	270583.74	270653.23	270588.00	270657.13
3	105	B	270702.22	270774.46	270706.00	270778.22
3	106	T	270975.51	271248.84	270979.31	271253.00
3	108	=	271701.64	272004.81	271705.78	272009.24
3	108	=	272063.44	272152.11	272067.49	272156.49
3	108	=	272207.16	272283.09	272211.13	272286.66
3	108	=	272333.81	272393.47	272337.78	272397.20
3	108	=	272445.99	272745.65	272449.77	272749.48
3	110	D	273086.37	273311.86	273090.93	273315.58
3	110	D	273357.50	273441.80	273361.22	273445.49
3	110	D	273515.21	273586.80	273519.15	273590.76
3	111	E	273814.29	273874.92	273818.61	273878.80
3	113	4	274372.83	274433.44	274376.54	274437.00
3	113	4	274480.24	274557.67	274484.37	274561.66
3	113	4	274603.86	274662.30	274607.78	274666.07
3	113	4	274705.09	274784.52	274708.99	274788.72
3	113	4	274832.38	275120.40	274836.45	275124.22
3	114	Z	275284.16	275544.49	275288.22	275548.29
3	114	Z	275602.14	275810.40	275606.00	275814.14
3	114	Z	275867.35	275966.23	275871.04	275970.09
3	114	Z	276012.11	276094.22	276015.98	276098.01
3	115	5	276308.82	276389.21	276312.46	276392.95
3	115	5	276441.12	276530.66	276444.83	276534.39
3	115	5	276578.05	276647.87	276582.12	276651.95
3	115	5	276701.57	276771.90	276705.79	276775.62
3	115	5	276830.12	276897.10	276833.96	276900.80
3	116	S	277113.05	277174.23	277116.74	277177.99
3	116	S	277230.08	277318.60	277233.75	277322.48
3	116	S	277364.94	277430.78	277368.99	277434.58
3	117	L	277638.61	277715.54	277643.19	277719.35
3	117	L	277771.58	278014.37	277775.61	278018.07
3	117	L	278070.55	278151.08	278074.29	278155.09
3	117	L	278201.48	278267.30	278205.31	278270.87
3	119	K	278836.65	279126.92	278840.87	279130.77
3	119	K	279180.38	279236.62	279184.40	279240.62
3	119	K	279289.30	279495.31	279293.36	279499.06
4	0	D	283742.30	283900.57	283746.43	283904.40
4	0	D	283949.45	283991.28	283953.27	283995.24
4	0	D	284059.63	284103.95	284063.84	284107.67
4	1	E	284303.99	284346.19	284307.80	284350.45
4	3	4	284723.79	284768.25	284727.92	284771.95
4	3	4	284820.09	284872.13	284823.96	284875.82
4	3	4	284933.77	284979.30	284937.38	284983.40
4	3	4	285044.15	285090.18	285048.03	285094.19
4	3	4	285163.92	285281.91	285167.90	285285.74
4	4	Z	285447.54	285573.03	285451.70	285576.92
4	4	Z	285642.21	285817.60	285645.81	285821.20
4	4	Z	285876.45	285917.29	285880.51	285921.29
4	4	Z	285986.43	286033.01	285990.56	286037.18
4	5	5	286186.24	286234.23	286190.03	286238.60
4	5	5	286284.44	286326.95	286288.15	286331.28
4	5	5	286404.93	286444.77	286408.95	286449.03
4	5	5	286505.84	286551.18	286509.57	286555.13
4	5	5	286607.36	286652.01	286611.08	286655.82
4	6	S	286785.29	286823.63	286789.41	286827.49
4	6	S	286888.94	286938.43	286892.97	286942.14
4	6	S	287017.95	287044.31	287022.38	287048.00
4	7	L	287151.32	287194.84	287155.37	287199.12
4	7	L	287268.57	287414.24	287272.68	287418.29
4	7	L	287479.60	287528.03	287483.84	287531.72
4	7	L	287570.97	287601.70	287574.73	287605.90
4	9	=	287983.97	288165.85	287987.88	288169.74
4	9	=	288237.67	288273.37	288241.58	288277.30
4	9	=	288334.81	288383.21	288338.61	288386.86
4	9	=	288445.91	288487.57	288449.83	288491.64
4	9	=	288560.06	288713.89	288564.09	288717.69
4	11	R	289074.56	289126.27	289078.37	289129.98
4	11	R	289196.54	289316.37	289200.40	289320.72
4	11	R	289389.22	289433.42	289392.97	289437.02
4	13	R	289845.05	289882.68	289848.78	289886.37
4	13	R	289954.46	290076.31	289958.56	290080.07
4	13	R	290136.18	290173.98	290140.37	290177.86
4	15	T	290584.59	290733.29	290588.87	290737.11
4	16	N	290883.26	291017.66	290887.48	291022.03
4	16	N	291091.90	291137.85	291095.92	291141.68
4	17	X	291324.42	291465.30	291328.39	291469.03
4	17	X	291540.69	291592.71	291544.55	291596.68
4	17	X	291666.37	291708.53	291670.36	291712.17
4	17	X	291784.83	291948.61	291788.85	291952.37
4	19	L	292352.61	292397.73	292356.85	292401.86
4	19	L	292463.56	292579.64	292467.42	292583.44
4	19	L	292648.19	292693.53	292651.96	292697.41
4	19	L	292761.76	292819.08	292765.55	292822.84
4	20	A	292963.83	293006.83	292967.43	293010.65
4	20	A	293075.20	293224.75	293078.98	293228.95
4	21	R	293349.55	293401.38	293353.13	293405.65
4	21	R	293455.04	293567.93	293459.06	293571.74
4	21	R	293634.16	293670.63	293637.95	293674.51
4	22	S	293875.39	293930.07	293878.90	293934.06
4	22	S	293980.06	294018.52	293983.85	294022.83
4	22	S	294095.68	294137.17	294099.65	294141.20
4	24	F	294573.00	294613.23	294577.58	294616.94
4	24	F	294678.34	294719.68	294682.62	294723.47
4	24	F	294777.16	294899.30	294781.15	294902.99
4	24	F	294960.34	295003.15	294964.62	295006.94
4	25	B	295166.07	295295.09	295169.86	295299.32
4	25	B	295371.43	295402.30	295375.39	295406.19
4	25	B	295480.83	295530.20	295484.62	295533.88
4	25	B	295611.04	295651.81	295614.88	295655.67
4	27	=	295956.90	296066.12	295960.84	296069.68
4	27	=	296135.76	296179.79	296139.82	296183.44
4	27	=	296247.61	296298.69	296251.33	296302.29
4	27	=	296350.84	296402.03	296354.82	296406.18
4	27	=	296461.76	296592.89	296465.51	296596.83
4	29	R	296932.65	296983.14	296936.60	296986.71
4	29	R	297040.13	297168.93	297044.19	297172.70
4	29	R	297230.30	297280.54	297234.25	297284.46
4	30	I	297477.74	297521.60	297481.81	297525.28
4	30	I	297590.35	297636.15	297594.68	297640.10
4	31	G	297788.53	297924.90	297792.22	297928.67
4	31	G	297986.19	298125.41	297990.37	298129.56
4	31	G	298168.69	298219.23	298172.40	298222.85
4	33	F	298571.00	298614.09	298575.00	298617.78
4	33	F	298691.71	298727.42	298695.91	298731.80
4	33	F	298798.84	298937.40	298802.44	298941.18
4	33	F	299000.47	299056.93	299004.89	299060.78
4	34	T	299188.54	299322.44	299192.57	299326.00
4	35	9	299502.11	299678.64	299505.67	299682.27
4	35	9	299748.10	299847.29	299751.80	299851.13
4	35	9	299925.88	300027.27	299930.16	300030.89
4	35	9	300098.45	300226.78	300102.30	300230.59
4	35	9	300293.18	300339.92	300297.35	300344.04
4	36	9	300510.38	300670.16	300514.44	300674.28
4	36	9	300733.83	300896.81	300737.57	300900.79
4	36	9	300970.09	301122.36	300973.65	301126.28
4	36	9	301173.52	301302.25	301177.36	301305.97
4	36	9	301380.27	301420.41	301384.71	301424.21
4	37	1	301618.29	301651.57	301622.22	301655.22
4	37	1	301691.21	301831.30	301695.46	301834.88
4	37	1	301905.14	302023.52	301908.98	302027.27
4	37	1	302091.22	302244.83	302095.16	302248.44
4	37	1	302317.74	302452.62	302321.94	302456.20
4	39	P	302820.41	302866.37	302824.17	302870.43
4	39	P	302933.82	303050.61	302937.46	303054.38
4	39	P	303122.68	303262.14	303126.61	303265.94
4	39	P	303313.59	303359.91	303318.01	303363.61
4	40	W	303521.74	303573.80	303525.47	303577.44
4	40	W	303638.07	303784.41	303641.97	303788.65
4	40	W	303836.44	303979.06	303840.73	303982.90
4	41	R	304334.47	304372.05	304338.70	304375.93
4	41	R	304435.27	304551.49	304438.90	304555.80
4	41	R	304610.78	304651.66	304614.58	304655.58
4	43	2	304976.00	305035.68	304979.80	305039.35
4	43	2	305094.25	305128.88	305098.28	305132.43
4	43	2	305206.03	305349.89	305209.83	305353.55
4	43	2	305393.96	305507.02	305397.94	305510.91
4	43	2	305558.93	305695.13	305563.16	305698.91
4	44	0	305826.55	305968.21	305830.75	305972.09
4	44	0	306030.30	306164.94	306034.37	306169.24
4	44	0	306220.88	306329.91	306224.74	306333.88
4	44	0	306398.97	306527.73	306403.12	306531.39
4	44	0	306591.95	306726.29	306595.73	306729.86
4	46	W	307147.97	307183.12	307151.57	307186.92
4	46	W	307248.05	307396.64	307251.57	307400.43
4	46	W	307464.54	307582.78	307468.29	307586.39
4	48	A	307936.53	307974.09	307940.02	307977.59
4	48	A	308047.19	308170.96	308050.91	308174.59
4	49	N	308318.54	308461.27	308322.15	308464.96
4	49	N	308518.58	308559.42	308522.19	308563.03
4	50	T	308696.00	308827.76	308699.56	308831.51
4	52	H	309142.03	309191.15	309145.60	309194.72
4	52	H	309247.80	309287.58	309251.37	309291.16
4	52	H	309356.88	309390.88	309360.51	309394.39
4	52	H	309440.24	309487.31	309443.87	309491.41
4	53	E	309678.98	309725.53	309682.73	309729.60
4	54	X	309921.99	310050.53	309925.78	310054.50
4	54	X	310114.47	310148.23	310118.02	310151.90
4	54	X	310204.47	310249.75	310208.22	310254.05
4	54	X	310315.87	310452.97	310319.97	310456.96
4	55	B	310589.32	310702.39	310593.75	310706.73
4	55	B	310755.01	310797.88	310759.16	310802.01
4	55	B	310872.02	310914.01	310875.82	310917.99
4	55	B	310988.00	311035.42	310991.90	311039.14
4	56	E	311175.64	311227.84	311179.71	311231.80
4	57	A	311396.25	311441.59	311400.18	311445.23
4	57	A	311518.84	311627.90	311522.71	311631.51
4	58	M	311788.64	311924.13	311792.72	311928.46
4	58	M	312008.08	312118.86	312011.81	312122.71
4	60	=	312445.62	312573.51	312450.17	312577.85
4	60	=	312629.81	312667.06	312633.85	312670.84
4	60	=	312719.00	312756.35	312722.76	312760.25
4	60	=	312806.84	312851.83	312810.80	312856.20
4	60	=	312913.40	313042.46	312917.50	313046.71
4	62	W	313396.55	313438.18	313400.58	313441.90
4	62	W	313506.17	313603.31	313510.19	313607.11
4	62	W	313660.45	313792.49	313664.22	313796.04
4	63	X	313903.91	314010.25	313907.70	314013.89
4	63	X	314075.34	314118.01	314079.50	314122.11
4	63	X	314175.32	314213.31	314179.03	314217.48
4	63	X	314263.51	314398.02	314267.30	314402.19
4	65	R	314791.45	314830.94	314795.48	314834.85
4	65	R	314897.78	315018.88	314901.35	315022.68
4	65	R	315079.49	315136.61	315082.98	315140.68
4	66	A	315310.00	315347.60	315314.31	315351.37
4	66	A	315412.31	315562.24	315416.18	315566.44
4	67	I	315740.94	315789.64	315744.90	315793.62
4	67	I	315856.04	315909.34	315860.47	315913.32
4	68	N	316003.37	316101.29	316006.94	316105.22
4	68	N	316162.33	316197.54	316166.29	316201.20
4	70	T	316522.34	316631.56	316526.23	316635.51
4	71	E	316753.70	316780.65	316757.42	316786.20
4	72	M	316911.56	317061.54	316915.68	317065.88
4	72	M	317117.04	317235.73	317120.71	317239.53
4	73	P	317358.11	317400.13	317362.22	317404.04
4	73	P	317459.93	317583.81	317463.57	317587.71
4	73	P	317645.35	317796.02	317649.16	317799.89
4	73	P	317854.32	317890.25	317858.17	317894.18
4	75	1	318271.04	318311.11	318275.23	318315.36
4	75	1	318365.75	318484.76	318369.30	318488.70
4	75	1	318539.62	318710.34	318543.32	318714.11
4	75	1	318772.35	318923.50	318776.12	318927.29
4	75	1	318986.51	319124.42	318990.33	319128.16
4	76	6	319297.09	319395.49	319300.81	319399.49
4	76	6	319464.03	319518.69	319468.03	319522.45
4	76	6	319594.12	319637.27	319598.12	319641.12
4	76	6	319713.25	319753.47	319717.28	319757.16
4	76	6	319820.36	319873.11	319824.27	319876.90
4	78	C	320224.12	320357.57	320228.52	320361.47
4	78	C	320404.06	320454.93	320408.20	320459.01
4	78	C	320522.48	320674.43	320526.20	320677.94
4	78	C	320732.07	320765.26	320736.09	320769.31
4	80	=	321151.05	321305.69	321155.00	321309.70
4	80	=	321375.50	321423.12	321379.54	321426.83
4	80	=	321502.41	321535.88	321506.54	321539.65
4	80	=	321592.31	321632.18	321596.01	321636.20
4	80	=	321696.16	321840.30	321699.90	321844.32
4	82	C	322150.28	322266.79	322154.24	322270.83
4	82	C	322317.49	322370.52	322321.14	322374.50
4	82	C	322431.80	322587.10	322435.99	322591.44
4	82	C	322641.76	322679.92	322645.43	322683.60
4	83	A	322846.25	322892.88	322850.09	322897.32
4	83	A	322958.13	323077.72	322962.00	323082.24
4	84	L	323224.17	323273.24	323228.07	323277.27
4	84	L	323334.58	323467.28	323338.31	323471.67
4	84	L	323531.13	323573.39	323535.13	323577.60
4	84	L	323634.05	323684.49	323638.31	323688.18
4	85	L	323828.76	323858.94	323832.60	323862.59
4	85	L	323935.48	324094.56	323939.80	324098.11
4	85	L	324165.08	324215.09	324169.44	324219.46
4	85	L	324268.76	324312.50	324272.86	324316.25
4	86	S	324463.14	324509.63	324467.80	324513.35
4	86	S	324583.56	324630.87	324587.74	324634.41
4	86	S	324686.21	324728.47	324689.98	324732.53
4	88	Z	325142.69	325271.67	325146.56	325275.61
4	88	Z	325325.90	325442.53	325330.00	325446.51
4	88	Z	325512.78	325556.39	325516.79	325560.98
4	88	Z	325624.56	325680.21	325628.42	325683.96
4	89	L	325841.51	325884.67	325845.60	325888.68
4	89	L	325947.09	326070.16	325950.81	326073.97
4	89	L	326139.03	326183.99	326143.31	326187.84
4	89	L	326229.20	326271.85	326233.13	326275.47
4	90	4	326406.42	326447.52	326410.61	326451.25
4	90	4	326495.65	326534.09	326499.39	326538.39
4	90	4	326590.42	326622.62	326594.40	326626.11
4	90	4	326694.11	326733.60	326698.04	326737.45
4	90	4	326797.78	326939.64	326801.45	326943.25
4	91	L	327146.66	327191.69	327150.47	327195.98
4	91	L	327262.59	327397.50	327266.60	327401.48
4	91	L	327453.79	327494.01	327457.76	327498.40
4	91	L	327549.06	327581.81	327552.79	327585.80
4	92	L	327710.41	327749.83	327713.95	327753.61
4	92	L	327820.88	327982.06	327824.67	327986.28
4	92	L	328050.27	328086.05	328054.84	328089.75
4	92	L	328148.17	328185.62	328152.46	328189.51
4	93	/	328363.10	328497.96	328367.08	328501.62
4	93	/	328567.24	328607.02	328571.17	328611.09
4	93	/	328681.56	328725.75	328685.40	328729.91
4	93	/	328772.96	328915.67	328776.73	328919.58
4	93	/	328986.71	329031.49	328990.65	329035.10
4	94	P	329178.81	329230.54	329182.64	329234.42
4	94	P	329288.51	329499.76	329292.58	329503.83
4	94	P	329560.56	329680.73	329564.18	329684.62
4	94	P	329743.85	329791.85	329747.61	329795.57
4	96	S	330212.19	330256.52	330216.41	330260.70
4	96	S	330327.10	330364.19	330330.92	330368.04
4	96	S	330427.01	330465.04	330430.73	330468.72
4	97	5	330639.90	330688.91	330643.93	330692.60
4	97	5	330755.16	330797.66	330759.17	330801.77
4	97	5	330864.12	330904.19	330867.74	330907.93
4	97	5	330970.88	331009.29	330975.13	331013.34
4	97	5	331078.36	331099.71	331082.57	331103.51
4	98	/	331244.92	331351.73	331248.55	331355.56
4	98	/	331424.94	331469.69	331428.57	331473.72
4	98	/	331528.86	331572.78	331533.27	331576.39
4	98	/	331630.69	331762.68	331634.85	331766.56
4	98	/	331833.25	331874.35	331837.37	331878.12
4	99	E	332013.65	332052.07	332017.63	332056.13
4	100	I	332441.32	332493.68	332445.00	332497.84
4	100	I	332556.75	332607.95	332560.91	332611.81
4	101	3	332800.86	332843.84	332804.76	332848.07
4	101	3	332916.93	332951.63	332920.82	332955.38
4	101	3	333014.32	333051.43	333018.57	333055.26
4	101	3	333123.70	333249.73	333127.86	333253.36
4	101	3	333317.76	333433.97	333322.07	333437.61
4	102	Q	333603.06	333718.42	333606.76	333722.05
4	102	Q	333782.21	333924.09	333786.24	333927.82
4	102	Q	333983.39	334026.77	333986.99	334030.66
4	102	Q	334097.02	334258.72	334101.61	334262.56
4	103	N	334422.01	334558.77	334426.05	334562.76
4	103	N	334627.33	334674.00	334631.06	334677.87
4	104	Z	334844.38	334982.50	334848.20	334986.45
4	104	Z	335044.48	335170.92	335048.54	335174.96
4	104	Z	335244.23	335297.69	335247.96	335301.24
4	104	Z	335370.32	335408.56	335374.11	335412.46
4	106	S	335770.80	335809.51	335774.82	335813.36
4	106	S	335876.01	335918.49	335879.62	335922.25
4	106	S	335981.43	336028.84	335985.23	336032.51
4	107	5	336196.05	336239.79	336199.63	336243.84
4	107	5	336324.56	336367.87	336328.38	336371.78
4	107	5	336438.18	336480.43	336442.22	336484.38
4	107	5	336557.90	336603.66	336561.60	336607.59
4	107	5	336664.21	336698.08	336668.25	336702.06
4	108	D	336881.82	337011.63	336886.17	337015.38
4	108	D	337073.57	337106.14	337077.52	337109.79
4	108	D	337158.52	337212.79	337162.20	337216.75
4	109	N	337367.12	337499.31	337371.17	337503.53
4	109	N	337553.87	337587.56	337557.95	337591.34
4	111	=	337978.65	338114.65	337982.88	338118.86
4	111	=	338178.76	338229.13	338182.78	338233.55
4	111	=	338282.80	338327.22	338286.94	338331.24
4	111	=	338382.60	338428.47	338386.16	338432.55
4	111	=	338498.15	338647.58	338502.20	338651.38
4	113	D	339035.51	339176.14	339039.50	339179.72
4	113	D	339243.62	339287.42	339247.72	339291.51
4	113	D	339351.76	339398.49	339355.63	339402.35
4	114	E	339779.22	339815.96	339783.00	339819.75
4	116	4	340185.40	340232.00	340189.20	340235.70
4	116	4	340325.79	340375.63	340329.50	340379.30
4	116	4	340422.93	340457.79	340426.88	340461.55
4	116	4	340532.00	340577.06	340536.15	340581.49
4	116	4	340646.04	340793.52	340650.16	340797.24
4	117	Z	340921.01	341040.56	340924.60	341044.31
4	117	Z	341099.86	341234.11	341103.43	341237.84
4	117	Z	341300.69	341344.33	341304.30	341348.11
4	117	Z	341411.39	341454.46	341415.39	341458.02
4	118	5	341604.19	341642.49	341608.00	341646.14
4	118	5	341702.08	341749.46	341706.12	341753.55
4	118	5	341813.46	341855.98	341817.49	341860.33
4	118	5	341916.89	341958.05	341921.12	341962.05
4	118	5	342022.34	342064.97	342026.29	342069.29
4	119	S	342227.29	342271.35	342231.00	342275.61
4	119	S	342335.64	342370.70	342339.36	342374.29
4	119	S	342444.36	342489.15	342448.15	342493.37
4	120	L	342630.82	342678.24	342634.61	342681.97
4	120	L	342754.54	342890.67	342758.74	342894.35
4	120	L	342967.27	343012.53	342971.74	343016.47
4	120	L	343085.59	343132.68	343089.11	343136.86
4	122	K	343479.21	343625.26	343482.81	343628.98
4	122	K	343694.18	343736.74	343697.99	343740.75
4	122	K	343807.58	343928.32	343811.90	343932.02
5	0	D	348081.34	348245.23	348085.63	348249.07
5	0	D	348289.86	348338.06	348293.95	348342.69
5	0	D	348386.20	348434.64	348390.33	348438.44
5	1	E	348578.27	348626.49	348582.15	348630.09
5	3	4	348984.66	349031.74	348988.69	349035.49
5	3	4	349079.40	349126.52	349083.52	349130.57
5	3	4	349174.18	349222.65	349177.93	349226.35
5	3	4	349270.31	349318.47	349274.38	349322.29
5	3	4	349369.26	349584.63	349373.16	349588.29
5	4	Z	349729.66	349894.94	349733.73	349898.96
5	4	Z	349939.79	350116.41	349943.66	350120.54
5	4	Z	350159.51	350208.02	350163.95	350211.80
5	4	Z	350255.79	350305.18	350260.06	350309.14
5	5	5	350481.57	350531.82	350485.47	350535.72
5	5	5	350579.75	350627.36	350583.98	350631.16
5	5	5	350675.29	350723.23	350678.91	350726.91
5	5	5	350771.16	350818.59	350774.92	350822.44
5	5	5	350866.52	350914.35	350870.05	350918.17
5	6	S	351201.39	351248.24	351205.25	351252.01
5	6	S	351296.24	351344.11	351300.37	351347.92
5	6	S	351392.11	351439.67	351396.09	351443.54
5	7	L	351822.76	351869.79	351826.28	351873.61
5	7	L	351901.33	352104.47	351905.12	352108.46
5	7	L	352145.14	352191.58	352148.93	352195.55
5	7	L	352239.10	352285.74	352243.13	352289.51
5	9	=	352645.20	352805.54	352649.10	352809.50
5	9	=	352842.67	352890.03	352846.92	352894.46
5	9	=	352937.98	352984.35	352941.76	352988.50
5	9	=	353032.30	353080.75	353036.31	353084.38
5	9	=	353142.02	353294.24	353146.07	353298.12
5	11	T	353660.36	353817.36	353664.24	353820.99
5	12	E	353975.27	354023.92	353979.24	354027.98
5	13	S	354134.83	354181.88	354138.65	354185.58
5	13	S	354230.17	354278.60	354234.40	354283.15
5	13	S	354326.88	354375.55	354330.57	354379.33
5	14	T	354544.75	354696.33	354548.26	354700.03
5	16	L	355079.31	355128.44	355083.49	355132.28
5	16	L	355182.29	355436.24	355186.23	355439.86
5	16	L	355486.96	355533.80	355490.74	355537.51
5	16	L	355582.08	355629.12	355585.59	355632.88
5	17	Z	355824.58	356012.65	355828.19	356016.59
5	17	Z	356053.47	356175.15	356057.52	356178.99
5	17	Z	356223.75	356273.24	356227.46	356277.00
5	17	Z	356321.83	356370.48	356325.44	356374.00
5	18	0	356542.51	356697.53	356546.08	356701.21
5	18	0	356756.55	356928.26	356760.26	356932.10
5	18	0	356978.82	357160.08	356982.44	357164.04
5	18	0	357213.16	357361.21	357216.79	357364.83
5	18	0	357405.37	357615.77	357408.96	357619.47
5	19	I	357816.41	357865.36	357820.03	357868.88
5	19	I	357914.34	357964.60	357918.08	357968.18
5	20	A	358099.84	358149.21	358103.58	358152.80
5	20	A	358198.43	358411.51	358202.03	358415.64
5	21	L	358548.17	358598.22	358551.66	358602.38
5	21	L	358637.49	358831.15	358641.37	358834.82
5	21	L	358871.45	358920.20	358875.12	358924.12
5	21	L	358969.37	359018.52	358972.92	359022.17
5	23	5	359405.70	359455.30	359409.45	359459.05
5	23	5	359504.05	359551.76	359507.89	359555.44
5	23	5	359600.52	359647.85	359604.23	359651.56
5	23	5	359696.60	359745.60	359700.36	359749.35
5	23	5	359794.36	359843.76	359797.87	359847.32
5	24	8	360110.08	360304.29	360113.84	360308.05
5	24	8	360355.78	360539.16	360359.68	360542.85
5	24	8	360581.92	360811.47	360585.74	360815.39
5	24	8	360874.50	360924.10	360878.07	360927.91
5	24	8	360972.61	361020.80	360976.41	361025.38
5	25	9	361172.37	361343.03	361176.60	361347.05
5	25	9	361392.52	361598.05	361396.37	361601.70
5	25	9	361650.81	361842.78	361654.86	361846.73
5	25	9	361898.34	362106.95	361902.35	362111.35
5	25	9	362149.65	362200.17	362153.45	362203.89
5	27	1	362536.68	362586.67	362540.84	362590.46
5	27	1	362627.48	362762.48	362631.60	362766.23
5	27	1	362803.32	362944.22	362807.29	362947.98
5	27	1	362989.97	363178.28	362993.99	363181.85
5	27	1	363226.72	363445.44	363230.41	363449.81
5	28	9	363621.64	363794.45	363625.62	363798.62
5	28	9	363841.25	363944.57	363845.36	363948.14
5	28	9	364002.18	364186.07	364005.99	364189.81
5	28	9	364230.29	364405.12	364234.02	364409.17
5	28	9	364451.70	364500.17	364455.72	364504.20
5	29	2	364656.58	364704.11	364660.57	364708.01
5	29	2	364752.79	364801.22	364756.87	364805.14
5	29	2	364854.20	365063.38	364858.12	365067.57
5	29	2	365107.74	365289.32	365111.71	365293.58
5	29	2	365335.43	365454.87	365339.26	365458.51
5	31	=	365875.75	366083.96	365879.82	366088.00
5	31	=	366134.69	366183.83	366138.18	366187.49
5	31	=	366232.40	366281.45	366236.42	366285.18
5	31	=	366330.02	366378.55	366333.67	366382.84
5	31	=	366436.71	366631.15	366440.40	366635.13
5	33	E	367052.95	367103.28	367056.67	367107.18
5	34	A	367287.43	367337.79	367291.19	367341.51
5	34	A	367387.12	367570.13	367390.82	367574.02
5	35	8	367796.08	367968.88	367800.59	367972.76
5	35	8	368013.90	368185.86	368018.30	368189.65
5	35	8	368238.23	368392.32	368242.30	368396.70
5	35	8	368454.31	368505.59	368458.56	368509.61
5	35	8	368554.17	368603.45	368557.89	368607.28
5	36	V	368773.94	368820.69	368777.76	368824.39
5	36	V	368868.97	368917.62	368873.23	368921.60
5	36	V	368965.90	369013.53	368969.67	369017.13
5	36	V	369056.20	369267.89	369060.05	369271.65
5	38	5	369613.34	369660.96	369616.99	369665.18
5	38	5	369709.14	369759.02	369713.17	369762.79
5	38	5	369807.20	369855.37	369810.99	369859.14
5	38	5	369903.56	369951.61	369907.42	369955.71
5	38	5	369999.80	370049.11	370003.76	370052.76
5	39	9	370199.28	370392.19	370203.57	370396.29
5	39	9	370432.85	370620.96	370436.55	370624.68
5	39	9	370666.17	370848.86	370669.94	370852.38
5	39	9	370903.97	371093.57	370907.54	371097.66
5	39	9	371137.32	371185.58	371141.23	371189.54
5	40	9	371353.50	371519.25	371357.63	371522.96
5	40	9	371578.66	371733.06	371582.43	371736.70
5	40	9	371787.58	371930.70	371791.33	371934.36
5	40	9	371966.75	372140.92	371970.48	372144.60
5	40	9	372175.76	372223.62	372179.72	372227.41
5	42	0	372601.65	372770.98	372605.75	372779.54
5	42	0	372825.42	373010.87	372829.21	373014.52
5	42	0	373056.77	373268.96	373060.46	373272.89
5	42	0	373313.97	373460.79	373317.88	373464.75
5	42	0	373507.43	373651.28	373511.30	373655.55
5	43	1	373804.01	373852.80	373808.26	373857.20
5	43	1	373898.21	374034.39	373902.21	374039.07
5	43	1	374091.09	374203.90	374094.91	374207.80
5	43	1	374250.37	374442.46	374254.34	374446.24
5	43	1	374480.59	374673.06	374484.52	374676.84
5	44	7	374858.92	375013.63	374862.51	375017.54
5	44	7	375058.11	375240.47	375061.76	375244.61
5	44	7	375298.08	375346.14	375301.96	375350.26
5	44	7	375394.38	375439.81	375398.12	375443.42
5	44	7	375488.05	375535.58	375491.88	375539.62
5	46	=	375945.57	376098.21	375949.49	376102.17
5	46	=	376158.18	376206.10	376162.32	376209.99
5	46	=	376254.11	376302.39	376258.27	376306.51
5	46	=	376350.40	376399.77	376354.64	376403.93
5	46	=	376447.36	376581.96	376451.24	376586.25
5	48	G	376966.03	377125.39	376970.38	377129.02
5	48	G	377169.77	377334.79	377173.85	377338.74
5	48	G	377392.80	377441.12	377397.05	377445.23
5	49	M	377613.38	377798.51	377617.25	377802.73
5	49	M	377860.87	378045.34	377864.45	378049.01
5	50	4	378204.76	378253.63	378208.44	378257.48
5	50	4	378301.80	378349.83	378305.92	378353.77
5	50	4	378398.00	378444.96	378401.72	378448.64
5	50	4	378493.12	378540.22	378497.12	378544.24
5	50	4	378577.28	378739.25	378581.28	378743.14
5	51	M	378930.23	379110.41	378933.84	379114.03
5	51	M	379157.85	379355.11	379162.01	379358.84
5	52	D	379514.71	379682.64	379518.50	379686.30
5	52	D	379719.50	379770.03	379723.33	379773.92
5	52	D	379818.54	379866.72	379822.49	379870.34
5	53	Z	380013.31	380227.55	380017.22	380231.26
5	53	Z	380275.02	380421.04	380279.26	380424.96
5	53	Z	380470.51	380519.45	380474.74	380523.60
5	53	Z	380568.05	380616.38	380571.85	380620.46
5	55	5	380989.40	381037.64	380993.72	381041.46
5	55	5	381086.04	381134.39	381090.31	381138.33
5	55	5	381182.79	381231.87	381186.61	381235.44
5	55	5	381280.26	381329.74	381284.28	381333.31
5	55	5	381378.14	381425.35	381381.92	381429.34
5	56	3	381633.69	381682.92	381637.46	381686.60
5	56	3	381730.96	381779.52	381735.27	381783.46
5	56	3	381827.56	381873.91	381831.99	381877.37
5	56	3	381940.46	382088.49	381944.44	382092.19
5	56	3	382134.00	382320.54	382137.75	382324.69
5	57	9	382488.07	382625.83	382492.22	382629.40
5	57	9	382672.02	382806.08	382676.08	382809.90
5	57	9	382856.32	383031.18	382860.02	383035.44
5	57	9	383082.22	383228.41	383086.24	383232.55
5	57	9	383275.44	383323.17	383279.35	383326.93
5	59	1	383681.56	383729.11	383685.76	383732.70
5	59	1	383789.27	383982.81	383792.90	383986.87
5	59	1	384033.25	384213.63	384037.33	384217.51
5	59	1	384251.98	384414.11	384255.54	384417.90
5	59	1	384450.47	384631.36	384454.05	384635.02
5	60	5	384763.29	384811.31	384767.44	384814.83
5	60	5	384859.24	384905.16	384863.28	384909.19
5	60	5	384953.09	385000.92	384957.03	385004.70
5	60	5	385048.85	385097.09	385052.93	385101.18
5	60	5	385145.01	385191.56	385149.23	385195.46
5	61	9	385351.14	385514.91	385354.98	385518.85
5	61	9	385563.08	385741.19	385567.21	385744.99
5	61	9	385787.26	385973.07	385791.01	385976.86
5	61	9	386026.02	386264.20	386029.92	386268.06
5	61	9	386301.14	386349.26	386304.75	386353.14
5	63	=	386712.61	386885.58	386716.46	386889.67
5	63	=	386936.09	386984.52	386939.83	386988.34
5	63	=	387032.15	387080.89	387035.84	387084.77
5	63	=	387128.52	387176.08	387132.93	387180.19
5	63	=	387215.49	387394.15	387219.44	387397.74
5	65	Q	387714.94	387899.10	387718.65	387903.02
5	65	Q	387946.16	388133.46	387949.72	388137.53
5	65	Q	388167.64	388213.50	388171.39	388217.03
5	65	Q	388262.85	388511.71	388266.69	388515.25
5	66	R	388674.48	388724.53	388678.21	388728.41
5	66	R	388779.43	388968.50	388783.38	388972.57
5	66	R	389026.24	389073.02	389030.17	389076.71
5	67	Z	389380.13	389566.14	389383.99	389569.79
5	67	Z	389616.90	389806.42	389620.52	389810.20
5	67	Z	389846.94	389892.80	389850.61	389896.58
5	67	Z	389940.61	389988.85	389944.28	389992.45
5	68	?	390159.27	390206.97	390162.95	390210.62
5	68	?	390254.54	390302.22	390258.19	390305.96
5	68	?	390335.83	390482.62	390339.48	390486.16
5	68	?	390531.71	390704.70	390535.24	390708.31
5	68	?	390753.60	390802.67	390757.21	390806.58
5	68	?	390850.23	390898.64	390854.03	390902.76
5	70	G	391212.90	391368.63	391217.07	391372.61
5	70	G	391429.73	391623.37	391434.03	391627.21
5	70	G	391670.38	391718.16	391673.93	391722.77
5	71	M	391912.98	392095.20	391917.02	392099.02
5	71	M	392134.34	392320.01	392138.14	392323.99
5	72	0	392466.13	392594.89	392469.94	392598.63
5	72	0	392634.40	392807.98	392638.48	392811.95
5	72	0	392855.64	393048.15	392859.81	393052.12
5	72	0	393103.14	393284.83	393106.98	393288.67
5	72	0	393333.76	393531.43	393337.49	393535.39
5	73	Q	393889.75	394072.56	393893.45	394076.36
5	73	Q	394119.90	394273.81	394124.28	394277.46
5	73	Q	394334.93	394383.29	394339.08	394387.12
5	73	Q	394432.62	394561.16	394436.80	394564.92
5	74	Y	394738.48	394888.39	394742.39	394892.48
5	74	Y	394935.02	394983.44	394939.28	394987.39
5	74	Y	395032.61	395233.57	395036.49	395237.25
5	74	Y	395286.57	395431.94	395290.38	395435.69
5	76	=	395799.40	395950.47	395803.20	395954.52
5	76	=	396002.08	396050.46	396005.93	396054.18
5	76	=	396098.12	396145.23	396101.95	396149.24
5	76	=	396192.89	396238.78	396196.95	396242.70
5	76	=	396288.56	396445.33	396292.17	396448.98
5	78	D	396840.77	397063.74	396844.94	397067.46
5	78	D	397101.60	397148.90	397105.72	397152.53
5	78	D	397195.99	397244.45	397199.97	397248.79
5	79	E	397464.05	397510.97	397467.93	397514.83
5	81	4	397898.34	397946.04	397902.16	397949.75
5	81	4	397993.01	398040.94	397997.01	398045.11
5	81	4	398087.91	398135.95	398092.13	398139.62
5	81	4	398182.92	398229.58	398186.51	398233.50
5	81	4	398276.39	398463.55	398280.47	398467.24
5	82	Z	398605.34	398776.07	398609.09	398779.67
5	82	Z	398832.13	398985.88	398835.91	398990.09
5	82	Z	399021.70	399069.17	399025.46	399072.95
5	82	Z	399116.00	399163.69	399119.88	399167.31
5	83	5	399317.59	399363.63	399321.39	399367.35
5	83	5	399410.49	399458.10	399414.23	399462.25
5	83	5	399504.96	399552.41	399508.97	399556.33
5	83	5	399599.26	399645.88	399602.92	399649.96
5	83	5	399692.73	399740.81	399696.59	399744.58
5	84	S	399853.58	399900.06	399857.43	399903.80
5	84	S	399946.75	399993.28	399950.78	399997.13
5	84	S	400039.96	400087.23	400044.47	400091.04
5	85	L	400240.76	400288.10	400244.57	400292.07
5	85	L	400336.73	400477.61	400340.53	400481.78
5	85	L	400519.33	400566.81	400523.14	400570.54
5	85	L	400613.91	400660.40	400617.73	400664.33
5	87	K	401018.67	401250.69	401022.39	401254.51
5	87	K	401297.93	401346.75	401301.94	401350.58
5	87	K	401402.06	401570.92	401405.77	401574.88
6	0	D	405786.78	406113.81	405790.53	406117.70
6	0	D	406195.71	406270.47	406199.48	406274.22
6	0	D	406331.82	406403.07	406336.02	406406.68
6	1	E	406691.38	406744.30	406695.12	406748.17
6	3	4	407358.26	407438.15	407361.85	407442.48
6	3	4	407514.52	407585.33	407518.12	407589.58
6	3	4	407663.09	407742.50	407667.31	407746.37
6	3	4	407850.36	407936.97	407854.13	407940.71
6	3	4	408029.78	408240.50	408033.77	408244.83
6	4	Z	408476.88	408649.84	408480.86	408653.43
6	4	Z	408715.45	408907.06	408719.51	408911.18
6	4	Z	408982.38	409068.62	408986.10	409072.77
6	4	Z	409135.05	409219.75	409139.14	409223.44
6	5	5	409507.77	409585.94	409511.36	409589.94
6	5	5	409652.73	409715.81	409656.50	409719.86
6	5	5	409785.74	409869.99	409789.54	409873.61
6	5	5	409962.40	410054.53	409966.20	410058.68
6	5	5	410110.33	410187.65	410113.62	410191.37
6	6	S	410546.97	410630.80	410551.10	410634.53
6	6	S	410702.79	410772.90	410706.57	410776.56
6	6	S	410877.54	410951.98	410881.21	410955.74
6	7	L	411160.85	411263.26	411164.49	411267.07
6	7	L	411349.33	411593.50	411352.90	411597.28
6	7	L	411672.66	411767.38	411676.71	411770.90
6	7	L	411812.98	411906.78	411816.67	411910.82
6	9	=	412631.01	412869.23	412635.19	412872.83
6	9	=	412932.77	413000.00	412936.53	413003.79
6	9	=	413069.24	413152.35	413073.17	413155.94
6	9	=	413248.31	413317.14	413252.36	413321.00
6	9	=	413374.39	413593.48	413378.06	413597.21
6	11	L	414311.65	414385.48	414315.33	414389.28
6	11	L	414479.92	414683.68	414483.76	414687.27
6	11	L	414769.47	414808.26	414773.63	414811.99
6	11	L	414896.31	414970.06	414900.29	414974.22
6	12	A	415131.34	415200.30	415135.11	415204.01
6	12	A	415251.19	415439.01	415255.29	415443.48
6	13	9	415783.76	415968.41	415787.57	415972.22
6	13	9	416043.54	416226.80	416047.28	416230.65
6	13	9	416272.14	416517.13	416276.58	416520.80
6	13	9	416605.27	416812.60	416609.21	416816.42
6	13	9	416918.15	416978.56	416921.94	416982.71
6	14	T	417307.16	417497.02	417311.49	417500.83
6	15	G	417708.95	417925.46	417712.65	417929.58
6	15	G	417993.62	418140.05	417998.19	418144.00
6	15	G	418212.85	418281.40	418216.97	418285.18
6	16	/	418670.95	418902.48	418674.79	418906.15
6	16	/	418975.44	419064.38	418979.29	419068.13
6	16	/	419146.03	419217.24	419150.28	419221.13
6	16	/	419262.53	419448.28	419266.08	419452.00
6	16	/	419573.91	419669.09	419577.66	419672.93
6	17	P	419987.27	420048.30	419990.80	420052.47
6	17	P	420174.89	420412.92	420178.97	420416.76
6	17	P	420505.25	420762.63	420509.09	420766.40
6	17	P	420855.36	420921.21	420859.02	420924.93
6	19	D	421628.90	421796.81	421633.03	421800.77
6	19	D	421901.07	421984.92	421904.99	421988.75
6	19	D	422085.03	422159.42	422089.30	422163.17
6	20	E	422457.18	422535.15	422460.95	422538.98
6	22	4	423289.07	423356.97	423292.81	423360.56
6	22	4	423443.14	423487.00	423447.19	423490.81
6	22	4	423566.88	423625.65	423570.76	423629.39
6	22	4	423723.61	423800.39	423727.26	423803.99
6	22	4	423885.52	424129.56	423889.40	424133.62
6	23	Z	424412.22	424693.07	424415.81	424696.78
6	23	Z	424777.23	425033.97	424780.98	425038.05
6	23	Z	425098.84	425160.98	425102.90	425164.75
6	23	Z	425259.10	425342.64	425262.89	425346.54
6	24	5	425828.36	425919.33	425832.27	425923.50
6	24	5	425998.26	426083.82	426002.35	426087.77
6	24	5	426135.88	426234.89	426139.48	426238.89
6	24	5	426342.08	426448.28	426345.96	426452.14
6	24	5	426552.50	426597.65	426556.66	426601.92
6	25	S	426990.04	427057.25	426993.90	427061.07
6	25	S	427124.35	427209.35	427128.11	427213.23
6	25	S	427286.10	427332.13	427289.89	427335.93
6	26	L	427664.71	427752.85	427668.40	427756.72
6	26	L	427836.03	427987.67	427839.87	427991.47
6	26	L	428041.85	428110.47	428045.57	428114.22
6	26	L	428190.65	428255.06	428194.52	428258.95
6	28	=	428870.91	429045.64	428874.57	429049.89
6	28	=	429140.66	429223.34	429144.36	429227.88
6	28	=	429283.75	429364.32	429287.70	429368.11
6	28	=	429416.47	429487.97	429420.96	429491.78
6	28	=	429564.96	429787.82	429568.93	429791.72
6	30	T	430445.26	430636.43	430448.85	430640.02
6	31	N	431137.35	431364.86	431141.37	431368.45
6	31	N	431430.24	431490.22	431434.00	431494.07
6	32	X	431757.78	432012.36	431762.10	432016.28
6	32	X	432071.77	432137.80	432075.77	432141.80
6	32	X	432231.32	432285.62	432235.40	432289.31
6	32	X	432351.74	432501.80	432355.80	432505.85
6	34	F	433067.03	433178.26	433070.97	433182.33
6	34	F	433279.27	433327.26	433283.51	433331.10
6	34	F	433413.44	433587.25	433417.37	433591.31
6	34	F	433654.26	433721.07	433658.12	433724.85
6	35	E	434022.43	434112.91	434026.34	434117.35
6	36	R	434357.88	434429.56	434361.96	434433.29
6	36	R	434494.09	434669.59	434497.96	434673.40
6	36	R	434790.76	434848.16	434794.36	434852.27
6	38	C	435597.80	435848.94	435601.57	435853.39
6	38	C	435932.78	435974.75	435936.29	435978.81
6	38	C	436064.68	436258.43	436068.93	436262.56
6	38	C	436343.97	436394.76	436348.04	436398.82
6	39	A	436641.73	436749.07	436645.39	436753.04
6	39	A	436811.49	436955.07	436815.17	436958.68
6	40	L	437229.17	437308.49	437233.54	437312.52
6	40	L	437379.66	437590.08	437383.25	437593.83
6	40	L	437650.67	437712.67	437654.51	437716.56
6	40	L	437781.26	437848.86	437785.18	437852.84
6	41	L	438191.91	438270.49	438196.05	438274.21
6	41	L	438332.10	438583.68	438336.32	438587.45
6	41	L	438645.07	438694.45	438649.03	438698.16
6	41	L	438804.72	438853.86	438808.49	438857.48
6	43	U	439419.43	439519.21	439423.08	439523.19
6	43	U	439562.64	439614.94	439567.07	439619.07
6	43	U	439676.21	439880.21	439680.23	439884.48
6	44	R	440173.10	440267.65	440176.80	440271.59
6	44	R	440345.47	440553.82	440349.21	440558.22
6	44	R	440628.26	440687.93	440632.39	440692.01
6	46	R	441168.27	441214.01	441172.42	441218.16
6	46	R	441276.87	441449.93	441280.79	441454.14
6	46	R	441531.67	441615.75	441535.66	441619.36
6	47	S	441930.23	441966.47	441934.43	441970.61
6	47	S	442034.24	442114.22	442038.24	442117.85
6	47	S	442194.89	442246.04	442198.89	442249.67
6	48	T	442519.69	442745.52	442523.91	442749.23
6	50	5	443324.27	443397.35	443328.03	443401.40
6	50	5	443486.68	443533.62	443490.61	443537.63
6	50	5	443617.64	443680.95	443621.20	443685.07
6	50	5	443736.41	443789.97	443740.62	443793.77
6	50	5	443858.04	443909.55	443861.95	443913.56
6	51	3	444045.37	444152.39	444049.44	444156.26
6	51	3	444202.51	444284.72	444206.06	444288.65
6	51	3	444335.90	444391.32	444339.77	444395.20
6	51	3	444467.63	444790.38	444471.38	444794.38
6	51	3	444895.57	445101.78	444899.45	445105.91
6	52	9	445353.14	445653.16	445357.13	445657.37
6	52	9	445711.04	445943.64	445714.85	445947.64
6	52	9	446019.89	446218.54	446023.75	446223.00
6	52	9	446264.78	446531.54	446268.75	446535.36
6	52	9	446605.75	446686.05	446609.78	446689.64
6	54	5	447333.03	447419.13	447336.85	447423.02
6	54	5	447494.72	447540.39	447498.81	447544.35
6	54	5	447605.24	447668.79	447609.07	447672.78
6	54	5	447736.71	447805.76	447740.39	447809.28
6	54	5	447876.73	447958.05	447880.54	447961.84
6	55	8	448199.24	448419.76	448202.95	448423.70
6	55	8	448494.38	448679.43	448498.21	448683.15
6	55	8	448726.30	448954.29	448729.86	448958.52
6	55	8	449026.51	449084.01	449030.61	449087.76
6	55	8	449164.35	449229.83	449168.15	449233.72
6	56	9	449539.99	449701.14	449543.89	449704.96
6	56	9	449773.98	449892.89	449777.60	449897.01
6	56	9	449963.10	450100.36	449967.03	450103.92
6	56	9	450210.80	450416.97	450214.56	450420.71
6	56	9	450463.23	450534.52	450467.53	450538.24
6	58	=	451222.81	451452.43	451227.00	451455.95
6	58	=	451510.55	451591.03	451514.27	451594.84
6	58	=	451649.07	451702.35	451652.82	451706.14
6	58	=	451754.35	451852.66	451758.05	451857.16
6	58	=	451916.65	452161.83	451920.32	452166.13
6	60	N	452718.38	452935.50	452722.17	452939.11
6	60	N	452996.68	453063.09	453000.75	453066.74
6	61	A	453320.62	453400.49	453324.40	453404.13
6	61	A	453502.17	453794.80	453505.86	453798.40
6	62	M	454115.84	454351.21	454120.06	454354.91
6	62	M	454418.27	454598.02	454422.13	454602.24
6	63	E	454859.81	454953.24	454863.53	454957.02
6	65	J	455487.03	455597.75	455490.74	455601.94
6	65	J	455670.51	455856.37	455674.16	455860.14
6	65	J	455917.03	456160.32	455920.93	456164.11
6	65	J	456235.58	456415.40	456239.21	456419.16
6	66	A	456640.08	456707.62	456643.86	456711.54
6	66	A	456800.89	456963.18	456804.71	456966.83
6	67	N	457104.36	457395.44	457108.11	457399.14
6	67	N	457482.14	457546.02	457485.92	457549.72
6	69	Q	458207.78	458404.29	458211.45	458408.36
6	69	Q	458484.54	458629.34	458488.29	458632.96
6	69	Q	458692.54	458737.59	458696.32	458741.48
6	69	Q	458838.42	459061.82	458842.22	459065.69
6	70	T	459300.85	459561.44	459305.34	459565.19
6	71	H	459912.88	459987.33	459916.72	459991.65
6	71	H	460057.15	460094.69	460061.16	460098.65
6	71	H	460193.41	460278.37	460197.27	460282.35
6	71	H	460363.54	460425.96	460367.46	460429.57
6	73	L	461071.47	461119.44	461075.28	461123.22
6	73	L	461195.47	461440.68	461199.44	461444.47
6	73	L	461520.78	461597.93	461525.06	461602.02
6	73	L	461658.34	461745.32	461662.11	461749.21
6	74	E	461958.68	462025.89	461962.55	462030.05
6	75	E	462343.84	462447.13	462347.62	462450.84
6	76	D	462657.95	462869.77	462661.86	462873.64
6	76	D	462959.66	463015.31	462963.74	463019.25
6	76	D	463056.87	463140.94	463061.13	463145.39
6	77	S	463394.96	463447.40	463398.83	463451.29
6	77	S	463500.75	463571.23	463504.54	463574.86
6	77	S	463635.18	463692.42	463639.05	463696.17
6	79	=	464389.36	464662.55	464393.44	464666.17
6	79	=	464736.90	464831.48	464740.86	464835.30
6	79	=	464881.80	464978.43	464885.50	464982.10
6	79	=	465060.94	465128.02	465065.13	465132.17
6	79	=	465196.66	465472.27	465200.41	465476.19
6	81	H	466078.17	466136.78	466082.23	466140.47
6	81	H	466249.55	466339.07	466253.23	466343.21
6	81	H	466429.62	466528.47	466433.83	466532.20
6	81	H	466584.25	466702.93	466588.08	466707.32
6	82	W	466900.27	466976.18	466904.08	466979.77
6	82	W	467028.85	467227.54	467032.68	467231.44
6	82	W	467307.15	467537.08	467310.97	467540.80
6	84	C	468108.53	468308.85	468112.26	468312.71
6	84	C	468380.26	468451.92	468384.61	468455.72
6	84	C	468521.74	468879.01	468525.67	468882.94
6	84	C	468959.01	469034.80	468962.96	469038.76
6	85	P	469282.51	469329.25	469286.28	469333.30
6	85	P	469431.06	469649.31	469434.81	469652.99
6	85	P	469718.91	469956.58	469722.62	469960.40
6	85	P	470061.62	470118.76	470065.71	470122.56
6	86	Y	470571.20	470820.42	470574.88	470824.33
6	86	Y	470901.95	470989.88	470905.72	470993.61
6	86	Y	471066.49	471289.83	471070.80	471293.70
6	86	Y	471358.28	471546.32	471362.07	471550.59
6	87	?	471776.69	471865.32	471780.45	471869.07
6	87	?	471948.52	472032.64	471952.28	472036.54
6	87	?	472121.71	472357.08	472125.40	472361.05
6	87	?	472439.93	472693.31	472443.56	472697.06
6	87	?	472773.06	472848.23	472779.99	472851.99
6	87	?	472931.96	473035.76	472935.83	473039.65
6	89	=	473660.13	473891.10	473664.19	473894.82
6	89	=	473944.76	474022.70	473948.53	474026.48
6	89	=	474121.68	474202.29	474125.57	474205.99
6	89	=	474290.07	474343.01	474293.77	474346.94
6	89	=	474435.87	474696.02	474439.49	474700.05
6	91	D	475445.48	475774.09	475449.55	475777.72
6	91	D	475833.66	475912.08	475837.69	475915.93
6	91	D	475984.29	476054.13	475988.24	476057.91
6	92	E	476331.34	476401.68	476335.17	476405.53
6	94	4	476995.01	477083.98	476998.69	477088.40
6	94	4	477145.54	477205.29	477149.34	477208.87
6	94	4	477300.98	477365.78	477304.98	477369.71
6	94	4	477430.45	477525.10	477434.53	477528.80
6	94	4	477620.58	477825.99	477624.60	477829.69
6	95	Z	478191.84	478421.84	478195.94	478425.59
6	95	Z	478531.94	478784.84	478535.56	478789.06
6	95	Z	478839.55	478924.41	478843.41	478928.22
6	95	Z	478987.52	479053.40	478991.38	479057.13
6	96	5	479197.96	479263.31	479202.19	479267.01
6	96	5	479350.04	479437.15	479354.44	479440.81
6	96	5	479533.14	479618.37	479537.22	479621.98
6	96	5	479719.69	479807.82	479723.77	479811.34
6	96	5	479901.91	479965.19	479906.00	479969.07
6	97	S	480206.04	480270.67	480209.71	480274.65
6	97	S	480342.13	480427.06	480346.57	480430.71
6	97	S	480516.86	480563.53	480520.88	480567.17
6	98	L	480860.08	480959.36	480864.30	480963.95
6	98	L	481057.54	481274.49	481061.53	481278.31
6	98	L	481372.84	481413.73	481376.89	481417.62
6	98	L	481488.32	481571.95	481492.01	481576.17
6	100	K	482270.66	482560.96	482274.71	482565.04
6	100	K	482650.66	482734.25	482654.57	482738.02
6	100	K	482797.17	482970.33	482800.79	482973.91
7	0	D	487266.15	487466.83	487270.07	487470.60
7	0	D	487525.91	487575.90	487529.71	487579.82
7	0	D	487640.44	487697.39	487644.64	487701.33
7	1	E	488078.34	488144.17	488082.10	488147.96
7	3	4	488583.57	488634.96	488587.36	488638.75
7	3	4	488688.38	488754.50	488692.14	488758.12
7	3	4	488829.83	488901.34	488833.97	488905.09
7	3	4	488959.47	489025.83	488963.83	489030.25
7	3	4	489085.68	489310.82	489089.37	489314.56
7	4	Z	489516.25	489729.69	489520.38	489733.54
7	4	Z	489792.51	490010.54	489796.27	490014.29
7	4	Z	490063.80	490120.70	490067.81	490124.42
7	4	Z	490186.99	490259.15	490190.61	490262.91
7	5	5	490473.79	490538.25	490477.42	490541.97
7	5	5	490591.09	490655.42	490594.79	490659.04
7	5	5	490710.81	490760.27	490714.48	490764.07
7	5	5	490824.41	490895.69	490828.09	490899.26
7	5	5	490952.30	491007.01	490956.13	491010.93
7	6	S	491157.64	491223.62	491161.54	491227.47
7	6	S	491283.97	491343.71	491288.22	491348.05
7	6	S	491408.29	491475.86	491412.16	491479.81
7	7	L	491662.85	491717.68	491666.81	491721.78
7	7	L	491763.22	491971.83	491767.01	491975.88
7	7	L	492036.97	492098.83	492040.96	492102.67
7	7	L	492154.07	492217.92	492158.00	492221.82
7	9	=	492682.67	492884.28	492686.62	492887.96
7	9	=	492941.86	493005.02	492945.71	493008.90
7	9	=	493054.90	493123.85	493058.93	493127.50
7	9	=	493186.56	493243.71	493190.42	493247.54
7	9	=	493298.06	493459.04	493301.65	493462.76
7	11	A	493963.11	494009.29	493967.06	494013.06
7	11	A	494059.39	494280.65	494063.00	494284.65
7	12	N	494473.63	494655.10	494477.87	494659.15
7	12	N	494714.80	494776.19	494718.95	494779.75
7	13	T	494977.67	495168.45	494981.45	495172.03
7	15	A	495685.67	495732.06	495689.70	495735.60
7	15	A	495796.73	495996.03	495800.39	495999.91
7	16	G	496178.90	496384.52	496182.62	496388.91
7	16	G	496447.33	496671.01	496451.24	496674.90
7	16	G	496727.34	496795.36	496731.19	496798.93
7	17	N	497031.85	497225.48	497035.64	497229.17
7	17	N	497296.51	497357.38	497300.20	497361.18
7	19	G	497889.01	498105.40	497892.96	498109.51
7	19	G	498153.41	498348.58	498157.19	498352.20
7	19	G	498416.12	498472.59	498419.89	498476.73
7	20	L	498659.72	498706.95	498663.74	498710.55
7	20	L	498766.14	498968.61	498770.04	498972.58
7	20	L	499032.10	499098.22	499036.43	499102.02
7	20	L	499151.67	499213.48	499155.52	499217.19
7	22	E	499720.93	499775.51	499724.88	499779.77
7	23	S	500252.22	500332.02	500255.99	500336.22
7	23	S	500396.16	500455.35	500400.26	500459.08
7	23	S	500501.85	500561.48	500505.48	500565.18
7	25	A	501130.24	501198.13	501133.85	501202.14
7	25	A	501257.45	501436.09	501261.06	501440.19
7	26	N	501691.90	501895.72	501696.02	501899.52
7	26	N	501957.61	502030.45	501961.45	502034.14
7	27	T	502565.47	502739.03	502569.02	502742.65
7	29	C	503221.05	503464.96	503224.79	503468.82
7	29	C	503527.22	503582.06	503531.36	503586.25
7	29	C	503655.72	503881.99	503659.79	503885.65
7	29	C	503947.93	504004.24	503952.22	504008.24
7	30	O	504216.68	504419.34	504220.38	504423.15
7	30	O	504471.03	504680.47	504474.81	504684.32
7	30	O	504735.92	504975.72	504739.48	504979.37
7	31	P	505363.73	505425.61	505367.73	505429.43
7	31	P	505488.41	505694.60	505492.15	505698.75
7	31	P	505762.28	506009.93	505766.21	506014.00
7	31	P	506071.64	506131.67	506075.78	506135.39
7	32	Y	506365.49	506566.76	506369.83	506570.57
7	32	Y	506638.07	506703.15	506641.82	506707.30
7	32	Y	506784.18	506947.30	506788.29	506951.10
7	32	Y	507004.96	507205.32	507008.79	507209.02
7	34	C	507663.02	507817.90	507667.23	507821.99
7	34	C	507876.27	507927.97	507880.32	507931.75
7	34	C	507991.12	508184.42	507994.97	508188.30
7	34	C	508250.49	508319.32	508254.59	508322.97
7	35	O	508507.79	508692.68	508511.54	508696.34
7	35	O	508753.35	508967.87	508757.16	508972.04
7	35	O	509030.12	509228.57	509034.30	509232.69
7	36	N	509434.83	509653.63	509438.50	509657.89
7	36	N	509701.42	509754.56	509705.60	509758.46
7	37	D	510157.87	510373.98	510161.65	510377.74
7	37	D	510446.31	510514.82	510450.31	510518.50
7	37	D	510571.27	510634.24	510574.95	510638.10
7	38	X	510839.10	511055.20	510843.28	511059.38
7	38	X	511102.39	511157.77	511106.40	511161.71
7	38	X	511214.39	511271.21	511218.29	511275.57
7	38	X	511343.47	511496.50	511347.08	511500.20
7	40	N	511934.78	512126.26	511938.85	512130.09
7	40	N	512182.05	512242.28	512186.16	512246.08
7	41	A	512448.44	512509.62	512452.36	512513.43
7	41	A	512558.71	512742.83	512562.58	512746.68
7	42	M	512959.02	513184.83	512962.76	513188.35
7	42	M	513251.20	513510.35	513255.32	513514.15
7	43	E	513653.22	513714.75	513657.13	513718.70
7	45	R	514145.19	514213.17	514148.94	514216.91
7	45	R	514263.20	514465.94	514266.92	514470.09
7	45	R	514510.17	514564.92	514514.07	514568.69
7	46	I	514945.22	515003.81	514949.47	515007.62
7	46	I	515063.53	515120.76	515067.24	515124.50
7	47	G	515310.01	515503.56	515313.96	515508.40
7	47	G	515570.07	515766.34	515574.09	515769.99
7	47	G	515825.59	515881.18	515829.51	515884.78
7	49	N	516375.88	516571.01	516379.57	516575.25
7	49	N	516629.92	516703.64	516633.72	516707.76
7	50	I	516904.77	516953.94	516908.69	516958.02
7	50	I	517017.12	517080.78	517021.12	517084.63
7	51	C	517505.86	517734.99	517510.14	517738.73
7	51	C	517790.59	517854.97	517794.32	517858.68
7	51	C	517916.61	518138.91	517920.43	518142.58
7	51	C	518205.51	518264.51	518209.07	518268.31
7	52	E	518498.72	518550.73	518502.59	518554.44
7	54	=	519029.14	519213.82	519033.23	519217.82
7	54	=	519277.37	519334.60	519280.88	519338.27
7	54	=	519396.21	519452.13	519400.22	519455.89
7	54	=	519523.74	519591.13	519527.85	519595.09
7	54	=	519650.99	519846.63	519654.68	519850.42
7	56	C	520345.31	520540.36	520349.12	520544.49
7	56	C	520590.17	520643.30	520594.21	520647.12
7	56	C	520693.62	520890.93	520697.60	520894.68
7	56	C	520950.93	521024.05	520954.74	521027.90
7	57	A	521258.28	521320.25	521262.00	521323.94
7	57	A	521382.48	521589.38	521386.43	521593.22
7	58	L	521766.75	521820.06	521770.79	521823.71
7	58	L	521874.62	522064.05	521878.72	522067.89
7	58	L	522125.17	522183.12	522129.18	522187.04
7	58	L	522251.67	522313.43	522255.38	522317.46
7	59	L	522492.40	522553.61	522496.37	522557.30
7	59	L	522619.71	522805.86	522623.75	522809.85
7	59	L	522853.85	522905.45	522857.55	522909.07
7	59	L	522976.68	523043.48	522980.85	523047.16
7	60	S	523254.49	523320.68	523258.15	523324.40
7	60	S	523386.83	523436.06	523390.68	523440.04
7	60	S	523494.80	523551.59	523498.57	523555.25
7	62	V	523999.12	524049.60	524003.12	524053.97
7	62	V	524114.73	524187.68	524118.86	524191.48
7	62	V	524251.91	524316.73	524255.68	524320.61
7	62	V	524374.48	524566.16	524378.64	524569.71
7	63	K	524747.52	524961.31	524751.17	524965.07
7	63	K	525025.29	525085.15	525029.22	525089.07
7	63	K	525144.94	525328.39	525148.68	525332.36
7	64	4	525653.41	525719.14	525657.36	525723.02
7	64	4	525772.98	525835.47	525776.70	525839.18
7	64	4	525899.51	525958.86	525903.29	525962.62
7	64	4	526005.68	526046.51	526009.59	526050.73
7	64	4	526111.46	526274.28	526115.46	526277.98
7	65	U	526676.88	526741.12	526680.67	526744.74
7	65	U	526801.92	526859.86	526805.53	526863.96
7	65	U	526924.20	527086.60	526927.85	527090.68
7	66	W	527275.96	527334.92	527280.03	527339.03
7	66	W	527403.65	527607.21	527407.73	527611.15
7	66	W	527668.67	527877.26	527672.39	527881.05
7	67	W	528109.53	528178.79	528113.29	528182.53
7	67	W	528228.53	528398.15	528232.33	528402.09
7	67	W	528463.75	528618.80	528467.66	528622.47
7	69	4	529116.73	529182.74	529120.97	529186.67
7	69	4	529233.98	529301.24	529238.15	529305.05
7	69	4	529369.92	529426.06	529373.96	529429.95
7	69	4	529478.45	529547.78	529482.35	529551.90
7	69	4	529600.75	529786.37	529604.66	529790.30
7	70	X	530014.36	530227.19	530018.19	530231.13
7	70	X	530296.46	530376.02	530300.09	530379.85
7	70	X	530429.55	530495.55	530433.37	530499.24
7	70	X	530559.62	530739.15	530563.38	530743.31
7	71	2	530920.82	530996.64	530924.66	531000.32
7	71	2	531059.42	531139.32	531063.38	531143.89
7	71	2	531204.78	531382.81	531208.82	531386.65
7	71	2	531435.94	531599.54	531440.26	531603.79
7	71	2	531662.56	531851.76	531666.35	531855.72
7	72	P	532171.97	532232.44	532175.88	532235.97
7	72	P	532291.90	532471.55	532296.14	532475.38
7	72	P	532526.92	532700.15	532531.14	532703.95
7	72	P	532748.77	532807.13	532752.55	532811.30
7	74	=	533312.76	533489.13	533316.55	533493.33
7	74	=	533542.30	533603.69	533545.96	533607.62
7	74	=	533649.88	533720.73	533653.65	533724.30
7	74	=	533792.59	533852.53	533796.29	533856.22
7	74	=	533913.29	534091.36	533917.12	534095.13
7	76	N	534526.58	534724.71	534530.37	534728.54
7	76	N	534784.42	534848.39	534788.23	534852.16
7	77	R	535060.77	535111.06	535064.64	535114.86
7	77	R	535167.00	535328.92	535170.92	535333.06
7	77	R	535370.71	535429.92	535374.26	535433.75
7	79	0	535918.56	536086.94	535922.27	536091.19
7	79	0	536144.52	536306.94	536148.61	536310.83
7	79	0	536363.99	536517.81	536368.26	536521.57
7	79	0	536559.25	536741.83	536563.48	536745.70
7	79	0	536785.93	536998.35	536789.59	537002.12
7	81	8	537543.30	537720.17	537547.10	537724.09
7	81	8	537777.48	537970.79	537781.61	537974.74
7	81	8	538036.14	538227.08	538039.95	538230.84
7	81	8	538290.73	538353.35	538294.36	538357.16
7	81	8	538404.78	538454.72	538408.77	538458.60
7	82	4	538655.58	538725.64	538659.47	538729.60
7	82	4	538780.82	538843.04	538784.60	538847.23
7	82	4	538909.36	538966.52	538913.33	538970.26
7	82	4	539025.95	539082.93	539029.94	539087.07
7	82	4	539135.39	539332.85	539139.19	539336.80
7	83	6	539517.10	539722.45	539521.28	539726.10
7	83	6	539791.60	539847.91	539795.32	539851.88
7	83	6	539914.62	539976.62	539918.18	539980.45
7	83	6	540042.62	540102.34	540046.55	540106.33
7	83	6	540163.48	540221.15	540167.44	540224.86
7	85	4	540709.64	540759.14	540713.66	540762.93
7	85	4	540812.22	540869.47	540816.04	540873.16
7	85	4	540930.89	540986.86	540934.58	540990.50
7	85	4	541053.20	541106.65	541056.90	541110.92
7	85	4	541153.24	541330.48	541157.05	541334.11
7	86	0	541536.52	541713.12	541540.42	541716.95
7	86	0	541773.43	541974.23	541777.37	541978.05
7	86	0	542027.35	542223.62	542031.30	542227.38
7	86	0	542279.59	542427.11	542283.37	542431.19
7	86	0	542489.18	542711.85	542492.88	542715.56
7	87	4	542894.17	542951.15	542897.99	542955.33
7	87	4	543021.92	543088.20	543025.74	543091.86
7	87	4	543166.58	543250.55	543170.56	543254.64
7	87	4	543302.61	543369.49	543306.85	543373.59
7	87	4	543430.43	543635.64	543434.57	543639.42
7	88	4	544151.72	544229.92	544155.73	544234.06
7	88	4	544287.34	544360.17	544291.16	544363.88
7	88	4	544428.58	544496.77	544432.43	544500.65
7	88	4	544555.56	544615.04	544559.36	544619.05
7	88	4	544673.19	544876.30	544676.93	544880.15
7	90	=	545397.14	545581.77	545400.94	545585.70
7	90	=	545630.04	545680.55	545634.23	545684.28
7	90	=	545736.47	545798.72	545740.33	545802.74
7	90	=	545860.05	545925.83	545863.68	545929.58
7	90	=	545977.13	546176.68	545980.89	546180.84
7	92	D	546624.14	546826.26	546628.18	546830.07
7	92	D	546898.08	546963.67	546902.07	546967.48
7	92	D	547016.84	547073.72	547020.73	547077.91
7	93	E	547595.32	547666.88	547599.08	547670.58
7	95	4	548165.83	548224.77	548169.54	548228.43
7	95	4	548284.48	548342.68	548288.20	548346.23
7	95	4	548400.07	548459.14	548404.06	548463.11
7	95	4	548520.09	548582.20	548523.56	548586.50
7	95	4	548637.50	548857.33	548641.28	548861.17
7	96	Z	549049.80	549230.66	549053.74	549234.29
7	96	Z	549299.90	549461.58	549304.01	549465.33
7	96	Z	549524.63	549594.99	549528.57	549598.91
7	96	Z	549660.85	549715.89	549665.02	549720.00
7	97	5	550099.60	550166.45	550104.10	550170.46
7	97	5	550233.73	550286.64	550237.76	550290.56
7	97	5	550340.53	550400.67	550344.68	550404.50
7	97	5	550467.98	550523.36	550471.85	550527.38
7	97	5	550576.20	550628.74	550580.25	550632.86
7	98	S	551174.21	551238.52	551177.99	551242.62
7	98	S	551301.81	551353.07	551305.67	551356.81
7	98	S	551425.49	551478.86	551429.61	551482.91
7	99	L	551695.22	551759.63	551699.28	551763.40
7	99	L	551819.74	551989.36	551823.51	551993.38
7	99	L	552057.19	552109.36	552060.83	552114.00
7	99	L	552174.48	552229.78	552178.26	552233.46
7	101	K	552719.28	552917.68	552722.98	552921.52
7	101	K	552960.66	553025.00	552964.41	553028.66
7	101	K	553078.35	553231.64	553081.94	553235.30
